Date,SPY,IWM
5/26/2000,106.03,38.04
5/30/2000,109.48,39.45
5/31/2000,109.72,39.59
6/1/2000,111.64,40.49
6/2/2000,113.59,42.59
6/5/2000,113.04,42.44
6/6/2000,112.53,42.85
6/7/2000,113.31,42.91
6/8/2000,112.87,42.8
6/9/2000,112.63,43.56
6/12/2000,111.31,42.26
6/13/2000,113.4,42.8
6/14/2000,113.59,42.59
6/15/2000,113.83,42.65
6/16/2000,112.89,42.41
6/19/2000,114.34,43.48
6/20/2000,113.93,43.76
6/21/2000,113.88,44
6/22/2000,112.15,42.67
6/23/2000,111.18,42.38
6/26/2000,112.62,42.91
6/27/2000,111.79,42.23
6/28/2000,112.1,43.3
6/29/2000,111.04,42.62
6/30/2000,111.88,43.03
7/3/2000,113.42,43.63
7/5/2000,111.38,43.14
7/6/2000,112.24,43.65
7/7/2000,114.05,43.92
7/10/2000,113.86,44.21
7/11/2000,114.1,44.15
7/12/2000,114.84,45.04
7/13/2000,115.35,45.18
7/14/2000,116.48,45.22
7/17/2000,116.29,45.38
7/18/2000,115.34,44.6
7/19/2000,114.41,43.82
7/20/2000,116,44.54
7/21/2000,113.74,43.32
7/24/2000,113.09,42.69
7/25/2000,113.45,42.78
7/26/2000,112.34,42.7
7/27/2000,111.95,41.53
7/28/2000,109.43,40.8
7/31/2000,110.13,41.84
8/1/2000,110.8,41.57
8/2/2000,111.35,41.63
8/3/2000,112.12,41.6
8/4/2000,112.72,41.81
8/7/2000,114.07,42.59
8/8/2000,114.51,42.38
8/9/2000,113.54,42.08
8/10/2000,112.99,41.84
8/11/2000,113.52,42.57
8/14/2000,114.96,43.01
8/15/2000,114.87,42.38
8/16/2000,114.46,42.59
8/17/2000,115.66,42.98
8/18/2000,115.28,42.92
8/21/2000,115.9,43.07
8/22/2000,115.71,43.01
8/23/2000,116.17,42.94
8/24/2000,116.53,43.58
8/25/2000,116.48,43.76
8/28/2000,116.88,43.84
8/29/2000,116.9,44.26
8/30/2000,115.78,44.31
8/31/2000,117.32,44.75
9/1/2000,117.44,45.12
9/5/2000,116.5,44.8
9/6/2000,115.18,44.61
9/7/2000,116.17,45.27
9/8/2000,115.37,44.49
9/11/2000,115.2,44.54
9/12/2000,114.36,44.4
9/13/2000,114.66,44.62
9/14/2000,115.24,44.88
9/15/2000,112.72,44.05
9/18/2000,111.68,43.01
9/19/2000,112.69,43.71
9/20/2000,111.86,43.36
9/21/2000,110.16,42.56
9/22/2000,112.16,43.1
9/25/2000,111.37,43.16
9/26/2000,109.94,42.54
9/27/2000,110.52,42.35
9/28/2000,111.95,43.49
9/29/2000,110.88,43.29
10/2/2000,111.05,42.58
10/3/2000,110.02,41.96
10/4/2000,110.93,42.25
10/5/2000,111.32,41.82
10/6/2000,108.91,40.81
10/9/2000,108.09,40.71
10/10/2000,106.3,39.74
10/11/2000,105.41,39.6
10/12/2000,102.78,38.4
10/13/2000,106.2,39.89
10/16/2000,106.69,40.21
10/17/2000,104.03,39.19
10/18/2000,103.65,38.87
10/19/2000,107.55,40.07
10/20/2000,108.01,40.58
10/23/2000,108.5,40.99
10/24/2000,107.77,40.39
10/25/2000,105.24,39.49
10/26/2000,105.53,40.1
10/27/2000,107.53,40.13
10/30/2000,108.5,40.31
10/31/2000,110.37,41.35
11/1/2000,109.99,41.38
11/2/2000,110.17,42.37
11/3/2000,110.23,42.32
11/6/2000,111,41.99
11/7/2000,110.98,42.35
11/8/2000,108.52,41.59
11/9/2000,108.11,41.15
11/10/2000,105.48,40.1
11/13/2000,104.66,39.7
11/14/2000,107.41,40.65
11/15/2000,107.75,41.17
11/16/2000,106.06,39.98
11/17/2000,105.49,40.23
11/20/2000,103.98,39.19
11/21/2000,104.52,38.96
11/22/2000,102.02,38.14
11/24/2000,104.1,39.21
11/27/2000,105.02,39.32
11/28/2000,103.21,38.14
11/29/2000,103.02,38.04
11/30/2000,102.13,37.23
12/1/2000,102.08,38.06
12/4/2000,102.95,37.65
12/5/2000,106.32,39.47
12/6/2000,104.62,38.56
12/7/2000,103.19,38.46
12/8/2000,103.43,38.98
12/11/2000,107.02,40.75
12/12/2000,106.57,39.87
12/13/2000,105.11,39.12
12/14/2000,103.77,38.5
12/15/2000,101.42,38.29
12/18/2000,102.78,38.87
12/19/2000,100.69,38.19
12/20/2000,97.77,36.98
12/21/2000,98.45,37.27
12/22/2000,101.4,38.82
12/26/2000,102.49,39.04
12/27/2000,103.24,40.07
12/28/2000,103.55,41.36
12/29/2000,101.59,40.18
1/2/2001,99.75,38.78
1/3/2001,104.55,40.38
1/4/2001,103.42,39.86
1/5/2001,100.04,38.63
1/8/2001,100.82,38.76
1/9/2001,100.55,38.7
1/10/2001,102.32,39.94
1/11/2001,102.42,40.49
1/12/2001,102.22,40.6
1/16/2001,102.88,41.41
1/17/2001,103.35,41.39
1/18/2001,104.38,41.54
1/19/2001,103.78,40.81
1/22/2001,104.47,41.1
1/23/2001,105.3,42.12
1/24/2001,105.61,41.96
1/25/2001,105.34,41.81
1/26/2001,105.22,41.81
1/29/2001,105.78,42.66
1/30/2001,106.71,42.93
1/31/2001,106.11,42.34
2/1/2001,106.81,42.65
2/2/2001,104.39,41.7
2/5/2001,105.16,41.78
2/6/2001,104.85,42.45
2/7/2001,104.31,42.55
2/8/2001,103.09,41.91
2/9/2001,102.1,41.38
2/12/2001,103.27,42.3
2/13/2001,102.42,41.9
2/14/2001,102.27,42.34
2/15/2001,103.26,42.55
2/16/2001,100.98,41.63
2/20/2001,99.43,41.15
2/21/2001,97.28,40.43
2/22/2001,97.43,39.86
2/23/2001,96.77,39.95
2/26/2001,98.83,40.83
2/27/2001,97.92,40.1
2/28/2001,95.99,39.51
3/1/2001,96.49,39.78
3/2/2001,95.72,39.89
3/5/2001,96.6,39.74
3/6/2001,97.64,40.33
3/7/2001,98.33,40.54
3/8/2001,98.44,40.2
3/9/2001,95.53,39.49
3/12/2001,91.44,38.37
3/13/2001,92.94,38.77
3/14/2001,91.11,37.84
3/15/2001,91.13,37.7
3/16/2001,89.3,37
3/19/2001,91.12,37.97
3/20/2001,88.68,37.09
3/21/2001,87.17,36.52
3/22/2001,86.28,36.16
3/23/2001,88.89,37.11
3/26/2001,90.03,37.61
3/27/2001,91.87,37.91
3/28/2001,89.33,36.9
3/29/2001,89.67,36.96
3/30/2001,90.61,37.67
4/2/2001,88.68,36.79
4/3/2001,85.72,35.54
4/4/2001,86.07,35.66
4/5/2001,89.34,37.38
4/6/2001,87.98,36.33
4/9/2001,88.96,37.13
4/10/2001,90.58,38.01
4/11/2001,90.64,37.76
4/12/2001,92.29,38.22
4/16/2001,91.32,37.53
4/17/2001,92.6,38.14
4/18/2001,96.29,39.25
4/19/2001,97.57,39.69
4/20/2001,96.67,39.23
4/23/2001,94.92,38.52
4/24/2001,94.41,38.81
4/25/2001,95.64,39.65
4/26/2001,96.07,40.22
4/27/2001,97.67,40.74
4/30/2001,98.35,40.79
5/1/2001,98.65,41.29
5/2/2001,98.47,41.19
5/3/2001,97.22,40.68
5/4/2001,98.88,41.25
5/7/2001,98.02,41
5/8/2001,97.98,41.21
5/9/2001,97.57,40.95
5/10/2001,97.85,41
5/11/2001,97.18,40.75
5/14/2001,97.37,40.74
5/15/2001,97.82,41.14
5/16/2001,100.13,41.93
5/17/2001,100.28,42.37
5/18/2001,100.74,42.53
5/21/2001,102.23,43.27
5/22/2001,102.09,43.48
5/23/2001,100.36,42.47
5/24/2001,100.66,42.91
5/25/2001,99.47,42.59
5/29/2001,98.68,42.05
5/30/2001,97.29,41.5
5/31/2001,97.8,41.67
6/1/2001,98.41,42.16
6/4/2001,98.88,42.71
6/5/2001,100.01,43.31
6/6/2001,99.18,43.04
6/7/2001,99.54,43.22
6/8/2001,98.61,42.97
6/11/2001,97.92,42.4
6/12/2001,97.75,42.5
6/13/2001,96.91,42.44
6/14/2001,94.73,41.38
6/15/2001,94.88,41.64
6/18/2001,94.43,41.32
6/19/2001,94.84,41.19
6/20/2001,95.34,41.68
6/21/2001,96.42,41.74
6/22/2001,95.66,40.98
6/25/2001,94.78,40.7
6/26/2001,94.65,41.32
6/27/2001,94.6,41.72
6/28/2001,95.12,42.25
6/29/2001,95.47,42.97
7/2/2001,96.66,42
7/3/2001,96.64,41.74
7/5/2001,94.75,41.19
7/6/2001,92.7,40.44
7/9/2001,93.21,40.82
7/10/2001,92.09,40.06
7/11/2001,92.18,40.06
7/12/2001,94.37,41.04
7/13/2001,95.19,41.24
7/16/2001,94,40.54
7/17/2001,94.88,41.34
7/18/2001,94.23,40.56
7/19/2001,95.06,40.9
7/20/2001,94.49,40.9
7/23/2001,92.63,40.6
7/24/2001,91.73,39.93
7/25/2001,92.74,40.16
7/26/2001,93.72,40.75
7/27/2001,94.08,40.69
7/30/2001,94.11,40.63
7/31/2001,94.5,40.57
8/1/2001,95.09,41.19
8/2/2001,95.48,41.07
8/3/2001,94.95,40.96
8/6/2001,93.68,40.39
8/7/2001,94.04,40.44
8/8/2001,92.3,39.53
8/9/2001,92.57,39.93
8/10/2001,92.89,39.89
8/13/2001,92.91,40.22
8/14/2001,92.88,40.35
8/15/2001,92.07,40.3
8/16/2001,92.39,40.56
8/17/2001,90.91,39.93
8/20/2001,91.75,40.37
8/21/2001,90.19,39.68
8/22/2001,91.12,40.2
8/23/2001,90.8,39.68
8/24/2001,92.68,40.52
8/27/2001,92.13,40.37
8/28/2001,90.78,39.93
8/29/2001,89.97,39.76
8/30/2001,88.24,39.26
8/31/2001,88.89,39.59
9/4/2001,88.32,39.21
9/5/2001,88.54,38.94
9/6/2001,86.26,38.03
9/7/2001,84.66,37.33
9/10/2001,85.7,37.04
9/17/2001,81.22,35.21
9/18/2001,81.02,34.64
9/19/2001,79.39,33.8
9/20/2001,76.87,32.51
9/21/2001,76.04,31.9
9/24/2001,78.71,32.89
9/25/2001,79.53,33.29
9/26/2001,79.25,32.8
9/27/2001,79.94,33.32
9/28/2001,81.63,33.82
10/1/2001,81.5,33.64
10/2/2001,82.52,34.01
10/3/2001,83.91,34.79
10/4/2001,83.98,35.13
10/5/2001,83.81,34.96
10/8/2001,83.27,34.64
10/9/2001,82.82,34.35
10/10/2001,84.67,35.55
10/11/2001,85.98,36.12
10/12/2001,85.59,36.01
10/15/2001,85.43,36.14
10/16/2001,85.97,36.63
10/17/2001,84.14,35.59
10/18/2001,83.96,35.36
10/19/2001,83.91,35.8
10/22/2001,85.56,36.12
10/23/2001,85.13,35.89
10/24/2001,84.9,36.12
10/25/2001,86.42,36.92
10/26/2001,86.23,36.92
10/29/2001,83.99,36.18
10/30/2001,82.98,35.42
10/31/2001,82.7,36.01
11/1/2001,84.81,36.65
11/2/2001,85.39,36.39
11/5/2001,86.51,36.92
11/6/2001,87.85,37.45
11/7/2001,87.74,37.2
11/8/2001,88.01,37.11
11/9/2001,88.1,36.99
11/12/2001,87.57,37.14
11/13/2001,89.54,37.81
11/14/2001,89.62,38.19
11/15/2001,89.79,38.05
11/16/2001,89.39,38.08
11/19/2001,90.49,38.51
11/20/2001,89.73,38.29
11/21/2001,89.14,38.16
11/23/2001,90.42,38.71
11/26/2001,90.61,38.91
11/27/2001,90.22,38.79
11/28/2001,88.59,38.11
11/29/2001,89.79,39.23
11/30/2001,89.14,38.76
12/3/2001,88.61,38.51
12/4/2001,90.11,39.4
12/5/2001,91.76,40.27
12/6/2001,91.72,40.84
12/7/2001,91.11,40.53
12/10/2001,89.4,39.83
12/11/2001,89.22,40.06
12/12/2001,89.32,40.12
12/13/2001,87.59,39.4
12/14/2001,88.43,39.85
12/17/2001,89.34,40.62
12/18/2001,89.87,40.98
12/19/2001,90.5,40.66
12/20/2001,89.61,40.02
12/21/2001,90.16,40.83
12/24/2001,89.98,41.02
12/26/2001,90.48,41.38
12/27/2001,91.03,41.55
12/28/2001,90.98,41.59
12/31/2001,89.65,40.89
1/2/2002,90.61,41.27
1/3/2002,91.64,41.84
1/4/2002,92.25,42.21
1/7/2002,91.6,41.53
1/8/2002,91.39,42.02
1/9/2002,90.64,41.59
1/10/2002,91.04,41.85
1/11/2002,90.15,41.34
1/14/2002,89.58,40.72
1/15/2002,90.31,41
1/16/2002,88.49,40.17
1/17/2002,89.15,40.36
1/18/2002,88.75,39.85
1/22/2002,88.13,39.6
1/23/2002,88.81,40.15
1/24/2002,89.08,40.47
1/25/2002,89.06,40.44
1/28/2002,89.3,40.7
1/29/2002,86.49,39.99
1/30/2002,87.74,40.49
1/31/2002,88.77,40.83
2/1/2002,88.35,40.6
2/4/2002,86.16,39.64
2/5/2002,85.62,39.49
2/6/2002,85.25,39.05
2/7/2002,84.72,38.54
2/8/2002,86.35,39.56
2/11/2002,87.4,39.73
2/12/2002,87.13,39.82
2/13/2002,88.05,40.19
2/14/2002,87.89,39.68
2/15/2002,86.97,39.62
2/19/2002,85.3,38.86
2/20/2002,86.74,39.51
2/21/2002,84.94,38.67
2/22/2002,85.99,39.37
2/25/2002,87.41,39.61
2/26/2002,87.23,39.8
2/27/2002,87.57,39.98
2/28/2002,87.18,39.56
3/1/2002,89.21,40.53
3/4/2002,90.78,41.17
3/5/2002,90.49,41.26
3/6/2002,91.57,41.76
3/7/2002,91.37,41.81
3/8/2002,91.76,42.23
3/11/2002,91.95,42.24
3/12/2002,91.9,42.17
3/13/2002,91.01,41.81
3/14/2002,90.89,42
3/15/2002,91.75,42.17
3/18/2002,91.77,42.41
3/19/2002,92.38,42.68
3/20/2002,90.64,42.01
3/21/2002,90.68,42.72
3/22/2002,90.49,42.41
3/25/2002,89.36,41.89
3/26/2002,89.88,42.36
3/27/2002,90.12,42.76
3/28/2002,90.08,42.53
4/1/2002,90.12,42.58
4/2/2002,89.62,42.31
4/3/2002,88.99,42
4/4/2002,88.62,42.17
4/5/2002,88.64,42.11
4/8/2002,88.83,42.64
4/9/2002,88.2,42.48
4/10/2002,89.2,43.3
4/11/2002,86.99,42.61
4/12/2002,87.64,43.55
4/15/2002,86.97,43.24
4/16/2002,89.04,44.32
4/17/2002,88.85,43.95
4/18/2002,88.46,43.76
4/19/2002,88.79,43.72
4/22/2002,87.31,43.15
4/23/2002,86.93,43.3
4/24/2002,86.06,42.93
4/25/2002,86.1,43.05
4/26/2002,84.47,42.22
4/29/2002,84.05,42.35
4/30/2002,84.84,43.04
5/1/2002,85.88,43.34
5/2/2002,85.55,43.49
5/3/2002,84.62,43.3
5/6/2002,82.96,42.47
5/7/2002,82.67,42.16
5/8/2002,85.74,43.17
5/9/2002,84.75,42.39
5/10/2002,83.16,41.7
5/13/2002,84.85,42.24
5/14/2002,86.69,43.51
5/15/2002,86.36,43.47
5/16/2002,86.8,42.96
5/17/2002,87.23,43.09
5/20/2002,86.29,42.54
5/21/2002,85.5,41.9
5/22/2002,85.69,41.64
5/23/2002,86.6,42.47
5/24/2002,85.49,41.8
5/28/2002,85.03,41.69
5/29/2002,84.4,41.16
5/30/2002,84.16,41.31
5/31/2002,84.33,41
6/3/2002,82.09,40.05
6/4/2002,82.3,40.06
6/5/2002,83.07,40.2
6/6/2002,81.38,39.42
6/7/2002,81.28,39.77
6/10/2002,81.6,39.73
6/11/2002,80.2,39.09
6/12/2002,80.69,39.22
6/13/2002,79.88,38.67
6/14/2002,79.76,38.98
6/17/2002,81.9,39.89
6/18/2002,82.57,40
6/19/2002,80.64,39.2
6/20/2002,79.61,39.11
6/21/2002,78.36,39.03
6/24/2002,78.77,38.9
6/25/2002,77.01,38.35
6/26/2002,77.13,38.33
6/27/2002,78.48,39.07
6/28/2002,78.11,38.62
7/1/2002,76.59,37.83
7/2/2002,74.96,36.7
7/3/2002,75.39,36.26
7/5/2002,78.39,37.46
7/8/2002,77.41,36.68
7/9/2002,75.46,36.54
7/10/2002,72.71,35.54
7/11/2002,73.3,35.26
7/12/2002,72.5,34.96
7/15/2002,72.89,34.74
7/16/2002,71.48,34.51
7/17/2002,71.62,34.83
7/18/2002,69.3,33.62
7/19/2002,66.86,32.91
7/22/2002,64.88,32.26
7/23/2002,63.11,30.57
7/24/2002,66.87,32.38
7/25/2002,66.3,32.12
7/26/2002,67.57,32.64
7/29/2002,70.86,33.89
7/30/2002,71.78,33.99
7/31/2002,71.95,33.47
8/1/2002,70.08,32.98
8/2/2002,68.5,31.94
8/5/2002,66.12,31.09
8/6/2002,68.35,32.44
8/7/2002,69.54,32.57
8/8/2002,71.79,33.09
8/9/2002,72.06,32.81
8/12/2002,71.53,32.89
8/13/2002,70.23,31.95
8/14/2002,72.79,33.1
8/15/2002,73.8,33.13
8/16/2002,73.58,33.64
8/19/2002,75.3,34.11
8/20/2002,74.5,33.93
8/21/2002,75.58,34.63
8/22/2002,76.31,34.85
8/23/2002,74.67,33.93
8/26/2002,75.19,34.55
8/27/2002,74.32,33.89
8/28/2002,72.7,33.23
8/29/2002,72.73,33.48
8/30/2002,72.44,33.25
9/3/2002,69.68,32.27
9/4/2002,70.68,32.95
9/5/2002,70.08,32.29
9/6/2002,71.04,33.36
9/9/2002,71.56,33.26
9/10/2002,72.38,33.47
9/11/2002,71.93,33.36
9/12/2002,70.6,32.81
9/13/2002,70.78,33.21
9/16/2002,70.95,32.83
9/17/2002,69.33,32.38
9/18/2002,68.63,32.3
9/19/2002,66.85,31.12
9/20/2002,66.88,31.25
9/23/2002,66.33,30.48
9/24/2002,65.26,30.24
9/25/2002,66.88,31.16
9/26/2002,67.97,31.57
9/27/2002,65.61,30.8
9/30/2002,64.85,30.59
10/1/2002,67.96,31.57
10/2/2002,65.93,30.8
10/3/2002,65.26,30.47
10/4/2002,64.06,29.62
10/7/2002,62.74,28.83
10/8/2002,63.72,29.05
10/9/2002,61.92,27.83
10/10/2002,63.93,28.64
10/11/2002,66.73,29.37
10/14/2002,67.1,29.56
10/15/2002,70.33,30.76
10/16/2002,68.62,29.99
10/17/2002,69.98,30.88
10/18/2002,70.28,30.95
10/21/2002,71.49,31.35
10/22/2002,70.98,30.95
10/23/2002,71.52,31.44
10/24/2002,70.06,31.14
10/25/2002,71.52,31.82
10/28/2002,71.05,31.46
10/29/2002,70.22,31.37
10/30/2002,70.9,31.91
10/31/2002,70.18,31.85
11/1/2002,71.57,32.59
11/4/2002,72.25,32.88
11/5/2002,72.82,32.93
11/6/2002,73.77,33.49
11/7/2002,71.96,32.7
11/8/2002,71.08,32.25
11/11/2002,69.98,31.47
11/12/2002,70.53,31.97
11/13/2002,70.6,32.15
11/14/2002,71.94,32.84
11/15/2002,72.47,32.83
11/18/2002,71.74,32.58
11/19/2002,71.64,32.46
11/20/2002,73.24,33.32
11/21/2002,74.6,33.97
11/22/2002,74.07,34.21
11/25/2002,74.12,34.43
11/26/2002,72.7,34.05
11/27/2002,74.75,34.98
11/29/2002,74.51,34.54
12/2/2002,74.63,34.81
12/3/2002,73.63,34.2
12/4/2002,73.3,33.86
12/5/2002,72.49,33.7
12/6/2002,72.97,33.84
12/9/2002,70.96,32.94
12/10/2002,71.91,33.58
12/11/2002,71.98,33.62
12/12/2002,71.97,33.76
12/13/2002,70.83,33.1
12/16/2002,72.66,33.69
12/17/2002,72.03,33.33
12/18/2002,71.2,32.8
12/19/2002,70.69,32.72
12/20/2002,71.7,33.09
12/23/2002,71.72,33.31
12/24/2002,71.19,33.25
12/26/2002,71.22,33.25
12/27/2002,69.62,32.7
12/30/2002,70.2,32.6
12/31/2002,70.3,32.56
1/2/2003,72.56,33.46
1/3/2003,72.78,33.41
1/6/2003,74.07,33.8
1/7/2003,73.88,33.62
1/8/2003,72.81,33.28
1/9/2003,73.95,33.77
1/10/2003,74.15,33.85
1/13/2003,74.12,33.92
1/14/2003,74.36,33.95
1/15/2003,73.62,33.87
1/16/2003,73.32,33.82
1/17/2003,72.23,33.19
1/21/2003,71.11,32.7
1/22/2003,70.25,32.42
1/23/2003,70.68,32.62
1/24/2003,68.82,31.95
1/27/2003,67.88,31.46
1/28/2003,68.38,31.72
1/29/2003,68.9,31.96
1/30/2003,67.27,31.44
1/31/2003,68.57,31.89
2/3/2003,68.7,31.61
2/4/2003,68.03,31.61
2/5/2003,67.6,31.38
2/6/2003,67.29,31.21
2/7/2003,66.46,30.63
2/10/2003,66.93,30.95
2/11/2003,66.47,30.87
2/12/2003,65.41,30.43
2/13/2003,65.61,30.35
2/14/2003,67.05,30.63
2/18/2003,68.23,31.24
2/19/2003,67.87,30.86
2/20/2003,67.19,30.8
2/21/2003,67.87,31.06
2/24/2003,66.77,30.59
2/25/2003,67.3,30.87
2/26/2003,66.32,30.71
2/27/2003,67.2,30.88
2/28/2003,67.64,30.93
3/3/2003,67,30.84
3/4/2003,65.93,30.44
3/5/2003,66.49,30.5
3/6/2003,65.93,30.25
3/7/2003,66.38,30.33
3/10/2003,64.79,29.81
3/11/2003,64.15,29.6
3/12/2003,64.58,29.66
3/13/2003,66.82,30.46
3/14/2003,67.03,30.5
3/17/2003,69.14,31.21
3/18/2003,69.55,31.62
3/19/2003,70.08,31.54
3/20/2003,70.23,31.75
3/21/2003,71.73,32.19
3/24/2003,69.35,31.5
3/25/2003,70.01,31.84
3/26/2003,69.66,31.44
3/27/2003,69.72,31.66
3/28/2003,69.36,31.64
3/31/2003,67.79,31
4/1/2003,68.83,31.54
4/2/2003,70.49,32.16
4/3/2003,70.16,32.18
4/4/2003,70.57,32.09
4/7/2003,70.44,32.11
4/8/2003,70.55,32.13
4/9/2003,69.62,31.96
4/10/2003,70,31.97
4/11/2003,69.72,31.79
4/14/2003,71.16,32.37
4/15/2003,71.82,32.71
4/16/2003,70.6,32.37
4/17/2003,71.64,32.87
4/21/2003,71.72,33.09
4/22/2003,73.07,33.55
4/23/2003,73.74,33.9
4/24/2003,73.08,33.73
4/25/2003,72.18,33.26
4/28/2003,73.43,33.85
4/29/2003,73.68,34.08
4/30/2003,73.52,34.18
5/1/2003,73.52,34.14
5/2/2003,74.56,35
5/5/2003,74.42,35.16
5/6/2003,75.12,35.5
5/7/2003,74.71,35.28
5/8/2003,73.96,34.99
5/9/2003,74.98,35.49
5/12/2003,75.9,35.88
5/13/2003,75.76,36.09
5/14/2003,75.6,36.07
5/15/2003,76.08,36.21
5/16/2003,75.89,35.76
5/19/2003,74.12,35.14
5/20/2003,73.96,35.13
5/21/2003,74.12,35.27
5/22/2003,74.85,35.63
5/23/2003,75,35.91
5/27/2003,76.32,36.75
5/28/2003,76.53,37
5/29/2003,76.33,37.24
5/30/2003,77.56,37.9
6/2/2003,77.88,38.1
6/3/2003,78.2,38.22
6/4/2003,79.32,38.74
6/5/2003,79.72,39.37
6/6/2003,79.4,38.92
6/9/2003,78.6,38.2
6/10/2003,79.4,38.77
6/11/2003,80.24,39.13
6/12/2003,80.48,39.35
6/13/2003,79.64,38.65
6/16/2003,81.32,39.31
6/17/2003,81.32,39.39
6/18/2003,81.25,39.36
6/19/2003,80.01,38.83
6/20/2003,79.84,38.5
6/23/2003,79.02,37.81
6/24/2003,79.1,37.8
6/25/2003,78.3,38.05
6/26/2003,79.32,38.7
6/27/2003,78.41,38.46
6/30/2003,78.38,38.34
7/1/2003,79.1,38.6
7/2/2003,80.1,39.56
7/3/2003,79.27,39.22
7/7/2003,80.85,40.04
7/8/2003,81.21,40.75
7/9/2003,80.75,41.05
7/10/2003,79.72,40.25
7/11/2003,80.48,40.81
7/14/2003,80.87,41.14
7/15/2003,80.69,41.03
7/16/2003,80.22,40.81
7/17/2003,79.08,39.51
7/18/2003,79.89,39.78
7/21/2003,78.9,39.44
7/22/2003,79.62,39.9
7/23/2003,79.67,40.17
7/24/2003,79.07,40.09
7/25/2003,80.47,40.38
7/28/2003,80.17,40.88
7/29/2003,79.8,40.9
7/30/2003,79.61,40.75
7/31/2003,79.8,40.83
8/1/2003,79.09,40.25
8/4/2003,79.09,39.85
8/5/2003,77.41,39.16
8/6/2003,77.86,38.98
8/7/2003,78.68,39.11
8/8/2003,78.9,39.03
8/11/2003,79.2,39.56
8/12/2003,79.92,40.23
8/13/2003,79.51,40.36
8/14/2003,79.73,40.63
8/15/2003,79.98,40.64
8/18/2003,80.67,41.44
8/19/2003,80.98,42.22
8/20/2003,80.65,42.2
8/21/2003,80.9,42.54
8/22/2003,80.1,41.79
8/25/2003,80.23,41.76
8/26/2003,80.37,41.91
8/27/2003,80.4,42.32
8/28/2003,80.9,42.6
8/29/2003,81.44,42.78
9/2/2003,82.53,43.77
9/3/2003,82.98,43.95
9/4/2003,83.02,44.14
9/5/2003,82.56,43.86
9/8/2003,83.24,44.46
9/9/2003,82.69,44.14
9/10/2003,81.86,43.26
9/11/2003,82.1,43.64
9/12/2003,82.25,43.83
9/15/2003,81.96,43.72
9/16/2003,83.16,44.38
9/17/2003,83,44.36
9/18/2003,83.98,44.83
9/19/2003,83.55,44.78
9/22/2003,82.65,44.17
9/23/2003,82.96,44.77
9/24/2003,81.49,43.66
9/25/2003,80.82,42.48
9/26/2003,80.55,41.75
9/29/2003,81.34,42.5
9/30/2003,80.55,41.95
10/1/2003,82.27,43.08
10/2/2003,82.57,43.5
10/3/2003,83.33,44.18
10/6/2003,83.7,44.56
10/7/2003,84.03,44.81
10/8/2003,83.82,44.46
10/9/2003,84.04,44.93
10/10/2003,84.28,44.87
10/13/2003,84.54,45.58
10/14/2003,84.84,45.88
10/15/2003,84.61,45.3
10/16/2003,84.95,45.71
10/17/2003,84.03,44.82
10/20/2003,84.66,45.05
10/21/2003,84.51,45.25
10/22/2003,83.45,44.26
10/23/2003,83.29,43.87
10/24/2003,83.48,43.76
10/27/2003,83.52,44.4
10/28/2003,84.66,45.47
10/29/2003,84.77,45.77
10/30/2003,84.95,45.9
10/31/2003,84.86,45.6
11/3/2003,85.42,46.37
11/4/2003,85.24,46.44
11/5/2003,85.3,46.67
11/6/2003,85.75,47.04
11/7/2003,85.11,46.68
11/10/2003,84.77,45.93
11/11/2003,84.74,45.61
11/12/2003,85.69,46.66
11/13/2003,85.72,46.79
11/14/2003,84.99,45.9
11/17/2003,84.57,45.35
11/18/2003,83.69,44.85
11/19/2003,84.4,45.32
11/20/2003,83.64,45.01
11/21/2003,83.99,45.51
11/24/2003,85.1,46.55
11/25/2003,85.42,46.83
11/26/2003,85.73,47.08
11/28/2003,85.79,47.31
12/1/2003,86.72,47.92
12/2/2003,86.5,47.84
12/3/2003,86.36,46.98
12/4/2003,86.72,47.09
12/5/2003,86.11,46.51
12/8/2003,86.69,46.85
12/9/2003,86.03,46.06
12/10/2003,86.02,45.65
12/11/2003,86.98,46.92
12/12/2003,87.15,47.26
12/15/2003,86.72,46.15
12/16/2003,87.17,46.56
12/17/2003,87.44,46.55
12/18/2003,88.43,47.27
12/19/2003,88.18,47.12
12/22/2003,88.8,47.64
12/23/2003,88.85,47.91
12/24/2003,88.76,47.85
12/26/2003,88.83,48.02
12/29/2003,90.01,48.75
12/30/2003,90.03,48.87
12/31/2003,90.11,48.16
1/2/2004,90.07,48.68
1/5/2004,91.05,49.25
1/6/2004,91.14,49.18
1/7/2004,91.44,49.7
1/8/2004,91.81,50.08
1/9/2004,91.01,49.68
1/12/2004,91.68,50.61
1/13/2004,91.14,50.4
1/14/2004,91.91,50.66
1/15/2004,92.13,50.79
1/16/2004,92.5,51.07
1/20/2004,92.47,51.69
1/21/2004,93.2,51.62
1/22/2004,92.96,51.33
1/23/2004,92.66,51.6
1/26/2004,93.82,52.12
1/27/2004,92.86,51.47
1/28/2004,91.8,50.66
1/29/2004,91.89,50.18
1/30/2004,91.89,50.25
2/2/2004,92.29,50.38
2/3/2004,92.13,50.1
2/4/2004,91.38,48.86
2/5/2004,91.65,49.31
2/6/2004,92.67,50.56
2/9/2004,92.7,50.66
2/10/2004,93,51.27
2/11/2004,93.99,51.58
2/12/2004,93.65,51.23
2/13/2004,93.23,50.7
2/17/2004,94.07,51.6
2/18/2004,93.65,51.22
2/19/2004,93.31,50.31
2/20/2004,93.02,50.23
2/23/2004,92.79,49.47
2/24/2004,92.63,49.47
2/25/2004,93.01,50.16
2/26/2004,93.07,50.47
2/27/2004,93.14,50.73
3/1/2004,94.06,51.53
3/2/2004,93.51,51.12
3/3/2004,93.68,51.17
3/4/2004,93.92,51.82
3/5/2004,94.24,51.94
3/8/2004,93.09,51.2
3/9/2004,92.72,50.77
3/10/2004,91.16,49.7
3/11/2004,89.98,49.21
3/12/2004,91.16,50.53
3/15/2004,90.04,49.23
3/16/2004,90.52,49.25
3/17/2004,91.53,50.16
3/18/2004,91.56,49.86
3/19/2004,90.24,49.42
3/22/2004,89.1,48.47
3/23/2004,88.94,48.55
3/24/2004,89.02,48.49
3/25/2004,90.2,49.6
3/26/2004,90.22,49.73
3/29/2004,91.49,50.68
3/30/2004,91.8,51.1
3/31/2004,91.9,51.21
4/1/2004,92.46,51.77
4/2/2004,93.15,52.43
4/5/2004,93.67,52.58
4/6/2004,93.37,51.94
4/7/2004,93.15,52.33
4/8/2004,92.93,51.87
4/12/2004,93.3,52
4/13/2004,91.99,50.79
4/14/2004,92.14,50.64
4/15/2004,91.79,50.24
4/16/2004,92.5,50.63
4/19/2004,92.5,51
4/20/2004,90.94,49.87
4/21/2004,91.55,50.69
4/22/2004,92.84,51.39
4/23/2004,92.93,51.28
4/26/2004,92.8,51.39
4/27/2004,92.88,51.25
4/28/2004,91.68,50.18
4/29/2004,90.87,49.19
4/30/2004,90.16,48.39
5/3/2004,91.13,49.02
5/4/2004,91.06,49.3
5/5/2004,91.64,49.51
5/6/2004,90.85,48.79
5/7/2004,89.35,47.4
5/10/2004,88.43,46.56
5/11/2004,89.18,47.58
5/12/2004,89.75,47.94
5/13/2004,89.38,47.28
5/14/2004,89.42,47.1
5/17/2004,88.65,46.65
5/18/2004,89.1,47.17
5/19/2004,88.79,46.84
5/20/2004,89.07,46.94
5/21/2004,89.23,47.37
5/24/2004,89.6,47.99
5/25/2004,90.89,48.99
5/26/2004,91.2,49.33
5/27/2004,91.72,49.34
5/28/2004,91.71,49.43
6/1/2004,91.59,49.9
6/2/2004,91.93,49.73
6/3/2004,91.08,48.77
6/4/2004,91.81,49.38
6/7/2004,93.2,50.28
6/8/2004,93.33,50.23
6/9/2004,92.46,49.32
6/10/2004,92.92,49.51
6/14/2004,92,48.54
6/15/2004,92.65,49.43
6/16/2004,92.63,49.52
6/17/2004,92.5,49.4
6/18/2004,92.67,49.57
6/21/2004,92.32,49.37
6/22/2004,92.78,49.75
6/23/2004,93.58,50.5
6/24/2004,93.29,50.32
6/25/2004,92.84,50.91
6/28/2004,92.52,50.81
6/29/2004,92.91,51.23
6/30/2004,93.4,51.52
7/1/2004,92.11,50.58
7/2/2004,92.06,50.74
7/6/2004,91.25,49.83
7/7/2004,91.52,49.77
7/8/2004,90.88,48.86
7/9/2004,91.12,49.19
7/12/2004,91.16,48.9
7/13/2004,91.23,48.97
7/14/2004,90.95,48.68
7/15/2004,90.36,48.79
7/16/2004,90.29,48.25
7/19/2004,89.91,48.19
7/20/2004,91.05,49.14
7/21/2004,89.37,47.6
7/22/2004,89.61,47.68
7/23/2004,88.86,47
7/26/2004,88.69,46.38
7/27/2004,89.52,47.25
7/28/2004,89.79,47.21
7/29/2004,90.17,47.77
7/30/2004,90.39,48.03
8/2/2004,90.58,47.85
8/3/2004,89.88,47.17
8/4/2004,89.87,47.13
8/5/2004,88.41,46.26
8/6/2004,87.14,45.29
8/9/2004,87.26,45.15
8/10/2004,88.39,45.85
8/11/2004,88.21,45.79
8/12/2004,87.25,45.13
8/13/2004,87.42,45.13
8/16/2004,88.32,45.9
8/17/2004,88.82,46.19
8/18/2004,89.73,47.17
8/19/2004,89.47,46.77
8/20/2004,90.1,47.6
8/23/2004,89.87,47.43
8/24/2004,90,47.56
8/25/2004,90.61,47.83
8/26/2004,90.61,47.55
8/27/2004,90.89,47.92
8/30/2004,90.14,47.38
8/31/2004,90.62,47.3
9/1/2004,90.79,48.14
9/2/2004,91.81,48.98
9/3/2004,91.44,48.44
9/7/2004,92.04,49.05
9/8/2004,91.81,48.79
9/9/2004,91.73,49.2
9/10/2004,92.21,49.65
9/13/2004,92.51,49.92
9/14/2004,92.69,49.82
9/15/2004,91.99,49.52
9/16/2004,92.27,50.05
9/17/2004,92.66,49.96
9/20/2004,92.11,49.74
9/21/2004,92.51,50.12
9/22/2004,91.35,49.27
9/23/2004,90.86,49.22
9/24/2004,91.28,49.31
9/27/2004,90.7,48.79
9/28/2004,91.13,49.37
9/29/2004,91.59,49.83
9/30/2004,91.52,49.83
10/1/2004,93.07,51.08
10/4/2004,93.23,51.37
10/5/2004,93.28,51.32
10/6/2004,93.92,51.66
10/7/2004,92.91,50.79
10/8/2004,92.14,50.15
10/11/2004,92.52,50.39
10/12/2004,92.16,50.27
10/13/2004,91.34,49.54
10/14/2004,90.61,49.22
10/15/2004,91.12,49.73
10/18/2004,91.46,49.94
10/19/2004,90.69,49.42
10/20/2004,90.51,49.68
10/21/2004,91.1,50.31
10/22/2004,90.08,49.45
10/25/2004,89.97,49.98
10/26/2004,91.34,50.64
10/27/2004,92.44,51.13
10/28/2004,92.72,50.94
10/29/2004,92.7,50.85
11/1/2004,92.96,51.25
11/2/2004,92.99,51.05
11/3/2004,94.16,51.87
11/4/2004,95.45,52.51
11/5/2004,96.05,52.75
11/8/2004,95.91,52.56
11/9/2004,95.72,52.75
11/10/2004,95.79,53.13
11/11/2004,96.52,53.66
11/12/2004,97.28,54.2
11/15/2004,97.52,54.51
11/16/2004,96.82,54.03
11/17/2004,97.4,54.32
11/18/2004,97.53,54.23
11/19/2004,96.44,53.66
11/22/2004,96.9,54.23
11/23/2004,97.05,54.56
11/24/2004,97.28,54.89
11/26/2004,97.21,54.93
11/29/2004,96.77,55.12
11/30/2004,96.83,55.53
12/1/2004,97.93,56.05
12/2/2004,98.01,55.97
12/3/2004,97.95,55.86
12/6/2004,97.92,55.6
12/7/2004,97,54.62
12/8/2004,97.57,55.23
12/9/2004,97.92,54.81
12/10/2004,98.01,55.23
12/13/2004,98.87,55.84
12/14/2004,99.21,56.14
12/15/2004,99.29,56.61
12/16/2004,99.23,56.16
12/17/2004,98.57,55.94
12/20/2004,98.59,55.87
12/21/2004,99.35,56.46
12/22/2004,99.59,56.57
12/23/2004,99.66,56.72
12/27/2004,99.46,56.35
12/28/2004,100,57.1
12/29/2004,100.15,57.09
12/30/2004,99.96,56.89
12/31/2004,99.75,56.86
1/3/2005,99.28,56.12
1/4/2005,98.06,54.92
1/5/2005,97.39,53.82
1/6/2005,97.88,54.1
1/7/2005,97.74,53.5
1/10/2005,98.2,54.05
1/11/2005,97.53,53.39
1/12/2005,97.85,53.61
1/13/2005,97.07,53.45
1/14/2005,97.58,53.95
1/18/2005,98.59,54.6
1/19/2005,97.56,53.81
1/20/2005,96.97,53.49
1/21/2005,96.37,53.37
1/24/2005,96.18,52.96
1/25/2005,96.45,53.1
1/26/2005,96.74,53.81
1/27/2005,96.91,53.96
1/28/2005,96.91,53.92
1/31/2005,97.51,54.55
2/1/2005,98.13,54.85
2/2/2005,98.43,55.27
2/3/2005,98.17,54.97
2/4/2005,99.22,55.66
2/7/2005,99.09,55.65
2/8/2005,99.2,55.79
2/9/2005,98.46,54.6
2/10/2005,98.81,54.69
2/11/2005,99.66,55.58
2/14/2005,99.59,55.54
2/15/2005,99.96,55.58
2/16/2005,100.03,55.75
2/17/2005,99.22,55.26
2/18/2005,99.35,55.12
2/22/2005,97.87,54.05
2/23/2005,98.58,54.37
2/24/2005,99.23,54.88
2/25/2005,100.21,55.79
2/28/2005,99.55,55.44
3/1/2005,100.04,55.87
3/2/2005,100,55.77
3/3/2005,100.04,55.82
3/4/2005,101.28,56.5
3/7/2005,101.33,56.36
3/8/2005,100.95,55.82
3/9/2005,99.83,55.19
3/10/2005,100.05,54.96
3/11/2005,99.35,54.92
3/14/2005,99.97,55.33
3/15/2005,99.15,54.96
3/16/2005,98.3,54.65
3/17/2005,98.5,54.65
3/18/2005,98.21,54.35
3/21/2005,97.84,54.42
3/22/2005,96.85,54.05
3/23/2005,96.93,53.65
3/24/2005,97.05,53.85
3/28/2005,97.19,53.87
3/29/2005,96.54,53.1
3/30/2005,97.91,53.88
3/31/2005,97.73,53.87
4/1/2005,97.29,53.65
4/4/2005,97.45,53.84
4/5/2005,97.92,53.94
4/6/2005,98.26,54.11
4/7/2005,98.79,54.32
4/8/2005,97.76,53.5
4/11/2005,97.84,53.23
4/12/2005,98.34,53.73
4/13/2005,97.18,52.77
4/14/2005,95.91,51.71
4/15/2005,94.57,51
4/18/2005,94.86,51.33
4/19/2005,95.62,52.17
4/20/2005,94.28,51.36
4/21/2005,96.11,52.61
4/22/2005,95.75,51.76
4/25/2005,96.38,52.24
4/26/2005,95.44,51.5
4/27/2005,95.81,51.48
4/28/2005,94.61,50.17
4/29/2005,95.9,50.82
5/2/2005,96.44,51.34
5/3/2005,96.6,51.6
5/4/2005,97.35,52.17
5/5/2005,97.31,52.16
5/6/2005,97.01,52.35
5/9/2005,97.61,52.85
5/10/2005,96.6,52.22
5/11/2005,97.13,52.25
5/12/2005,96.06,51.42
5/13/2005,95.87,51.24
5/16/2005,96.77,52.03
5/17/2005,97.41,52.34
5/18/2005,98.42,53.39
5/19/2005,98.83,53.52
5/20/2005,98.69,53.45
5/23/2005,99.24,53.81
5/24/2005,99,53.58
5/25/2005,98.93,53.18
5/26/2005,99.46,53.92
5/27/2005,99.63,54.22
5/31/2005,98.99,54.11
6/1/2005,99.83,54.72
6/2/2005,100.05,54.87
6/3/2005,99.54,54.47
6/6/2005,99.45,54.67
6/7/2005,99.53,54.78
6/8/2005,99.34,54.44
6/9/2005,99.82,54.97
6/10/2005,99.58,55.08
6/13/2005,99.9,55.33
6/14/2005,100.13,55.81
6/15/2005,100.32,55.96
6/16/2005,100.58,56.5
6/17/2005,100.95,56.47
6/20/2005,100.98,56.3
6/21/2005,101.04,56.46
6/22/2005,101.13,56.59
6/23/2005,99.7,55.59
6/24/2005,98.97,55
6/27/2005,99.11,55.14
6/28/2005,99.94,56
6/29/2005,99.68,56.44
6/30/2005,99.14,56.32
7/1/2005,99.43,56.56
7/5/2005,100.23,57.46
7/6/2005,99.39,56.93
7/7/2005,99.78,57.09
7/8/2005,100.92,58.32
7/11/2005,101.43,59.04
7/12/2005,101.7,58.85
7/13/2005,101.84,58.72
7/14/2005,102.24,58.3
7/15/2005,102.18,58.35
7/18/2005,101.77,58.01
7/19/2005,102.33,58.83
7/20/2005,102.68,59.54
7/21/2005,102.08,58.61
7/22/2005,102.76,59.52
7/25/2005,102.47,59.13
7/26/2005,102.6,59.3
7/27/2005,102.97,59.47
7/28/2005,103.62,60.08
7/29/2005,102.93,60.02
8/1/2005,102.86,59.99
8/2/2005,103.47,60.44
8/3/2005,103.75,60.14
8/4/2005,102.91,59.14
8/5/2005,102.22,58.32
8/8/2005,102.02,58.12
8/9/2005,102.64,58.21
8/10/2005,102.59,58.13
8/11/2005,103,58.63
8/12/2005,102.37,57.92
8/15/2005,103,58.54
8/16/2005,101.66,57.52
8/17/2005,101.65,57.45
8/18/2005,101.64,57.26
8/19/2005,101.87,57.56
8/22/2005,101.87,57.89
8/23/2005,101.68,57.88
8/24/2005,100.78,57.65
8/25/2005,101.14,57.97
8/26/2005,100.45,57.02
8/29/2005,101.23,57.79
8/30/2005,100.69,57.54
8/31/2005,101.97,58.82
9/1/2005,101.89,58.82
9/2/2005,101.71,58.5
9/6/2005,102.9,59.37
9/7/2005,103.07,59.55
9/8/2005,102.73,59.21
9/9/2005,103.65,59.58
9/12/2005,103.44,59.84
9/13/2005,102.86,59.38
9/14/2005,102.49,58.7
9/15/2005,102.44,58.5
9/16/2005,103.17,59.18
9/19/2005,102.83,58.9
9/20/2005,101.96,58.05
9/21/2005,101,57.11
9/22/2005,101.36,57.4
9/23/2005,101.45,57.8
9/26/2005,101.56,58.19
9/27/2005,101.54,57.99
9/28/2005,101.64,57.92
9/29/2005,102.47,58.55
9/30/2005,102.78,58.87
10/3/2005,102.42,59.23
10/4/2005,101.26,58.33
10/5/2005,99.94,56.84
10/6/2005,99.58,56.34
10/7/2005,99.92,56.84
10/10/2005,99.08,56.2
10/11/2005,98.93,55.42
10/12/2005,98.16,54.64
10/13/2005,98.1,54.86
10/14/2005,99.13,55.79
10/17/2005,99.5,55.88
10/18/2005,98.42,55.13
10/19/2005,100.06,56.32
10/20/2005,98.3,55.27
10/21/2005,98.68,55.88
10/24/2005,100.21,57.11
10/25/2005,100.01,56.62
10/26/2005,99.72,56.33
10/27/2005,98.66,55.15
10/28/2005,100.08,55.92
10/31/2005,100.35,56.56
11/1/2005,100.65,56.84
11/2/2005,101.71,57.99
11/3/2005,102.14,58.19
11/4/2005,102.01,58.07
11/7/2005,102.11,58.28
11/8/2005,102.11,58.07
11/9/2005,102.24,58.26
11/10/2005,103.03,58.57
11/11/2005,103.39,58.91
11/14/2005,103.33,58.7
11/15/2005,102.95,57.84
11/16/2005,103.16,57.86
11/17/2005,104.12,58.86
11/18/2005,104.53,59.32
11/21/2005,105.06,59.92
11/22/2005,105.51,60.24
11/23/2005,106.12,60.31
11/25/2005,106.2,60.27
11/28/2005,105.45,59.47
11/29/2005,105.33,59.56
11/30/2005,104.76,59.81
12/1/2005,105.83,60.79
12/2/2005,105.97,61.03
12/5/2005,105.74,60.59
12/6/2005,105.94,60.78
12/7/2005,105.32,60.41
12/8/2005,105.26,60.57
12/9/2005,105.53,60.87
12/12/2005,105.63,61.05
12/13/2005,106.35,61.06
12/14/2005,106.77,60.99
12/15/2005,106.46,60.37
12/16/2005,106.12,60.16
12/19/2005,105.57,59.41
12/20/2005,105.67,59.4
12/21/2005,105.84,60.11
12/22/2005,106.39,60.51
12/23/2005,106.45,60.65
12/27/2005,105.37,59.74
12/28/2005,105.6,60.1
12/29/2005,105.13,59.78
12/30/2005,104.56,59.39
1/3/2006,106.4,60.58
1/4/2006,106.91,60.91
1/5/2006,106.97,61.24
1/6/2006,107.86,61.97
1/9/2006,108.14,62.38
1/10/2006,108.25,62.94
1/11/2006,108.59,62.83
1/12/2006,108.17,62.61
1/13/2006,108.07,62.63
1/17/2006,107.77,62.34
1/18/2006,107.34,62.21
1/19/2006,107.75,63.2
1/20/2006,105.79,62.48
1/23/2006,106.17,62.68
1/24/2006,106.28,63.38
1/25/2006,106.37,63.54
1/26/2006,106.96,64.46
1/27/2006,107.95,64.78
1/30/2006,107.86,64.59
1/31/2006,107.07,64.41
2/1/2006,107.82,65.07
2/2/2006,106.57,64.09
2/3/2006,106.04,63.9
2/6/2006,106.32,64.47
2/7/2006,105.38,63.43
2/8/2006,106.34,63.83
2/9/2006,106.16,63.5
2/10/2006,106.35,63.36
2/13/2006,106.16,62.95
2/14/2006,107.28,63.68
2/15/2006,107.66,64.24
2/16/2006,108.47,64.81
2/17/2006,108.17,64.67
2/21/2006,107.91,64.39
2/22/2006,108.56,64.82
2/23/2006,108.4,64.78
2/24/2006,108.68,65.3
2/27/2006,108.72,65.47
2/28/2006,107.69,64.61
3/1/2006,108.64,65.79
3/2/2006,108.64,65.51
3/3/2006,108.13,65.18
3/6/2006,107.64,64.67
3/7/2006,107.47,63.74
3/8/2006,107.7,63.96
3/9/2006,106.97,63.4
3/10/2006,107.99,64.38
3/13/2006,108.19,64.51
3/14/2006,109.33,65.22
3/15/2006,109.81,65.82
3/16/2006,110.04,65.67
3/17/2006,110.13,65.94
3/20/2006,109.95,65.9
3/21/2006,109.26,64.98
3/22/2006,109.93,65.99
3/23/2006,109.7,66.28
3/24/2006,109.79,66.83
3/27/2006,109.63,66.84
3/28/2006,108.95,66.49
3/29/2006,109.63,67.72
3/30/2006,109.44,67.54
3/31/2006,109.46,67.78
4/3/2006,109.38,67.22
4/4/2006,110.08,67.52
4/5/2006,110.46,67.87
4/6/2006,110.34,68.01
4/7/2006,109.22,66.93
4/10/2006,109.39,66.85
4/11/2006,108.46,65.67
4/12/2006,108.66,66.35
4/13/2006,108.52,66.52
4/17/2006,108.48,66.57
4/18/2006,110.2,68.43
4/19/2006,110.41,68.93
4/20/2006,110.56,68.57
4/21/2006,110.58,68.42
4/24/2006,110.38,67.87
4/25/2006,109.92,67.92
4/26/2006,109.95,67.86
4/27/2006,110.48,67.3
4/28/2006,110.85,67.99
5/1/2006,109.95,67.15
5/2/2006,110.77,68.07
5/3/2006,110.36,67.95
5/4/2006,110.75,68.78
5/5/2006,111.73,69.17
5/8/2006,111.6,69.26
5/9/2006,111.82,69.17
5/10/2006,111.76,68.75
5/11/2006,110.41,67.19
5/12/2006,108.97,65.58
5/15/2006,109.19,65.28
5/16/2006,109.03,65.39
5/17/2006,106.95,64.2
5/18/2006,106.41,63.59
5/19/2006,107.16,64.15
5/22/2006,106.35,63.44
5/23/2006,105.54,62.62
5/24/2006,106.38,63.1
5/25/2006,107.69,64.43
5/26/2006,108.24,64.81
5/30/2006,106.32,63.03
5/31/2006,107.51,64.12
6/1/2006,108.54,65.37
6/2/2006,108.77,65.33
6/5/2006,107.18,63.43
6/6/2006,106.92,63.16
6/7/2006,106.12,62.54
6/8/2006,106.02,62.6
6/9/2006,105.69,62.05
6/12/2006,104.54,60.62
6/13/2006,103.33,59.47
6/14/2006,104.13,60.18
6/15/2006,106.34,62.24
6/16/2006,105.56,61.43
6/19/2006,104.73,60.23
6/20/2006,105.09,60.15
6/21/2006,105.87,61.21
6/22/2006,105.4,60.98
6/23/2006,105.38,61.35
6/26/2006,105.85,62.1
6/27/2006,104.94,61.03
6/28/2006,105.65,61.3
6/29/2006,107.78,63.67
6/30/2006,107.79,64.1
7/3/2006,108.23,64.9
7/5/2006,107.61,63.95
7/6/2006,107.92,63.94
7/7/2006,107.22,62.99
7/10/2006,107.43,63
7/11/2006,107.9,63.55
7/12/2006,106.75,62.24
7/13/2006,105.01,60.83
7/14/2006,104.6,60.34
7/17/2006,104.45,60.26
7/18/2006,104.99,60.67
7/19/2006,106.44,62.1
7/20/2006,105.71,60.51
7/21/2006,104.97,59.65
7/24/2006,106.88,61.55
7/25/2006,107.26,61.7
7/26/2006,107.41,61.57
7/27/2006,107.31,60.98
7/28/2006,108.38,62.26
7/31/2006,108.27,62.27
8/1/2006,107.74,61.29
8/2/2006,108.47,62.1
8/3/2006,108.75,62.86
8/4/2006,108.57,62.21
8/7/2006,108.31,61.97
8/8/2006,107.9,61.11
8/9/2006,107.54,60.5
8/10/2006,107.87,61.03
8/11/2006,107.56,60.41
8/14/2006,107.65,60.76
8/15/2006,108.93,62.03
8/16/2006,109.84,62.93
8/17/2006,110.12,63.03
8/18/2006,110.68,63.39
8/21/2006,110.2,62.71
8/22/2006,110.19,62.92
8/23/2006,109.89,62.19
8/24/2006,109.8,62.09
8/25/2006,109.93,62.19
8/28/2006,110.46,62.86
8/29/2006,110.58,63.67
8/30/2006,110.65,64.16
8/31/2006,110.63,64.13
9/1/2006,111.3,64.18
9/5/2006,111.51,64.76
9/6/2006,110.52,63.38
9/7/2006,110.02,62.82
9/8/2006,110.33,63.06
9/11/2006,110.44,62.98
9/12/2006,111.52,64.46
9/13/2006,111.97,65.01
9/14/2006,111.98,64.78
9/15/2006,112.24,64.93
9/18/2006,112.4,64.91
9/19/2006,112.12,64.62
9/20/2006,112.71,65.49
9/21/2006,112.17,64.79
9/22/2006,111.83,63.93
9/25/2006,112.69,64.69
9/26/2006,113.62,64.89
9/27/2006,113.76,65.37
9/28/2006,113.72,65.11
9/29/2006,113.62,64.54
10/2/2006,113.2,63.94
10/3/2006,113.43,63.85
10/4/2006,114.76,65.4
10/5/2006,114.98,66.23
10/6/2006,114.84,65.89
10/9/2006,114.91,66.39
10/10/2006,115.06,66.43
10/11/2006,114.92,66.17
10/12/2006,115.92,67.5
10/13/2006,116.22,68.04
10/16/2006,116.39,68.44
10/17/2006,116.03,68.1
10/18/2006,116.18,68.11
10/19/2006,116.37,68.44
10/20/2006,116.39,67.77
10/23/2006,116.93,67.91
10/24/2006,117.28,68.04
10/25/2006,117.68,68.49
10/26/2006,118.05,69.06
10/27/2006,117.31,68.26
10/30/2006,117.22,68.55
10/31/2006,117.2,68.34
11/1/2006,116.41,66.86
11/2/2006,116.34,66.76
11/3/2006,116.14,67.08
11/6/2006,117.45,67.86
11/7/2006,117.9,68.31
11/8/2006,118.16,68.66
11/9/2006,117.53,68.03
11/10/2006,117.59,68.6
11/13/2006,117.87,68.7
11/14/2006,118.76,70.02
11/15/2006,119.1,70.55
11/16/2006,119.41,70.5
11/17/2006,119.44,70.45
11/20/2006,119.51,70.55
11/21/2006,119.63,70.67
11/22/2006,119.87,70.75
11/24/2006,119.38,70.43
11/27/2006,117.74,68.85
11/28/2006,118.25,69.08
11/29/2006,119.48,69.98
11/30/2006,119.53,69.99
12/1/2006,119.27,69.73
12/4/2006,120.18,71.11
12/5/2006,120.7,71.16
12/6/2006,120.6,70.92
12/7/2006,120.07,70.61
12/8/2006,120.29,70.62
12/11/2006,120.64,70.8
12/12/2006,120.55,70.42
12/13/2006,120.67,70.51
12/14/2006,121.74,70.79
12/15/2006,121.75,70.73
12/18/2006,121.41,69.84
12/19/2006,121.65,69.8
12/20/2006,121.58,70.2
12/21/2006,121.13,69.88
12/22/2006,120.39,69.42
12/26/2006,121.1,70.41
12/27/2006,121.89,71.25
12/28/2006,121.64,70.92
12/29/2006,121.13,70.25
1/3/2007,120.92,70.36
1/4/2007,121.17,70.55
1/5/2007,120.21,69.08
1/8/2007,120.76,68.81
1/9/2007,120.66,69.45
1/10/2007,121.06,69.99
1/11/2007,121.59,70.43
1/12/2007,122.52,71.1
1/16/2007,122.28,70.63
1/17/2007,122.33,70.32
1/18/2007,121.92,69.73
1/19/2007,122.16,70
1/22/2007,121.78,69.49
1/23/2007,122.14,70.15
1/24/2007,123.12,70.91
1/25/2007,121.68,70.02
1/26/2007,121.57,70.28
1/29/2007,121.5,70.9
1/30/2007,122.13,71.28
1/31/2007,122.95,71.44
2/1/2007,123.69,72.2
2/2/2007,123.86,72.25
2/5/2007,123.89,72.24
2/6/2007,123.93,72.42
2/7/2007,124.2,73.08
2/8/2007,124.04,72.97
2/9/2007,123.12,72.3
2/12/2007,122.7,72.1
2/13/2007,123.73,72.63
2/14/2007,124.54,72.74
2/15/2007,124.71,72.79
2/16/2007,124.65,73.07
2/20/2007,124.91,73.78
2/21/2007,124.86,73.91
2/22/2007,124.77,74.17
2/23/2007,124.28,73.78
2/26/2007,124.17,73.72
2/27/2007,119.32,70.27
2/28/2007,120.54,70.97
3/1/2007,120.18,70.6
3/2/2007,118.61,69.19
3/5/2007,117.48,67.67
3/6/2007,119.49,69.52
3/7/2007,119.37,69.29
3/8/2007,120.38,69.81
3/9/2007,120.41,70.38
3/12/2007,120.59,70.58
3/13/2007,118.25,68.77
3/14/2007,119.13,69.5
3/15/2007,119.29,70.04
3/16/2007,118.96,69.56
3/19/2007,120.39,70.43
3/20/2007,121.05,70.99
3/21/2007,123.05,72.26
3/22/2007,122.95,72.26
3/23/2007,123.13,72.38
3/26/2007,122.97,72.22
3/27/2007,122.68,71.89
3/28/2007,121.78,71.39
3/29/2007,121.91,71.48
3/30/2007,121.94,71.66
4/2/2007,122.08,71.84
4/3/2007,123.39,72.61
4/4/2007,123.53,72.6
4/5/2007,123.86,72.56
4/9/2007,124.03,72.66
4/10/2007,124.18,72.88
4/11/2007,123.67,72.43
4/12/2007,124.22,72.92
4/13/2007,124.79,73.39
4/16/2007,125.97,74.4
4/17/2007,126.31,74.17
4/18/2007,126.46,73.74
4/19/2007,126.43,73.39
4/20/2007,127.62,74.24
4/23/2007,127.14,74.16
4/24/2007,127.19,74.13
4/25/2007,128.36,74.33
4/26/2007,128.51,74.75
4/27/2007,128.4,74.43
4/30/2007,127.34,72.83
5/1/2007,127.67,73.12
5/2/2007,128.41,74.1
5/3/2007,129.11,74.23
5/4/2007,129.6,74.7
5/7/2007,129.62,74.49
5/8/2007,129.45,74.22
5/9/2007,129.8,74.52
5/10/2007,128.45,73.6
5/11/2007,129.55,74.27
5/14/2007,129.26,73.62
5/15/2007,129.3,73.03
5/16/2007,130.18,73.43
5/17/2007,129.92,72.86
5/18/2007,131.06,73.72
5/21/2007,130.99,74.65
5/22/2007,130.89,75.11
5/23/2007,130.9,74.91
5/24/2007,129.72,73.93
5/25/2007,130.26,74.4
5/29/2007,130.73,75.09
5/30/2007,131.8,75.6
5/31/2007,131.66,76.01
6/1/2007,132.31,76.4
6/4/2007,132.33,76.48
6/5/2007,131.81,76.17
6/6/2007,130.39,75.32
6/7/2007,128.04,73.76
6/8/2007,129.7,74.73
6/11/2007,129.92,74.75
6/12/2007,128.51,73.51
6/13/2007,130.43,74.5
6/14/2007,131.26,75.17
6/15/2007,132.01,76.06
6/18/2007,131.86,75.92
6/19/2007,132.18,76.12
6/20/2007,130.35,74.8
6/21/2007,131.07,75.39
6/22/2007,129.84,74.79
6/25/2007,129.22,74.4
6/26/2007,127.89,73.85
6/27/2007,129.71,75.4
6/28/2007,129.69,75.39
6/29/2007,129.73,74.92
7/2/2007,130.91,75.88
7/3/2007,131.38,76.25
7/5/2007,131.24,76.37
7/6/2007,131.93,76.63
7/9/2007,132.04,76.56
7/10/2007,130.16,75.31
7/11/2007,131.08,75.76
7/12/2007,133.15,76.65
7/13/2007,133.55,76.72
7/16/2007,133.53,76.35
7/17/2007,133.46,76.4
7/18/2007,133.22,76.16
7/19/2007,133.74,76.37
7/20/2007,132.38,75.23
7/23/2007,132.79,74.95
7/24/2007,130.48,73.2
7/25/2007,130.75,72.93
7/26/2007,127.66,70.98
7/27/2007,125.15,69.25
7/30/2007,127.1,70.45
7/31/2007,125.67,69.68
8/1/2007,126.28,70.06
8/2/2007,127.29,70.61
8/3/2007,124.02,68.09
8/6/2007,126.1,68.71
8/7/2007,127.44,69.77
8/8/2007,129.22,71.86
8/9/2007,125.39,70.21
8/10/2007,124.8,70.54
8/13/2007,125.25,70.16
8/14/2007,123.34,68.96
8/15/2007,121.64,67.96
8/16/2007,122.55,69.47
8/17/2007,124.8,70.86
8/20/2007,124.74,70.91
8/21/2007,124.99,71.11
8/22/2007,126.47,71.96
8/23/2007,126.36,71.04
8/24/2007,127.92,71.96
8/27/2007,126.73,70.97
8/28/2007,123.95,69.18
8/29/2007,126.38,71
8/30/2007,126.04,70.52
8/31/2007,127.29,71.16
9/4/2007,128.57,72.07
9/5/2007,127.46,71.4
9/6/2007,127.75,71.42
9/7/2007,125.97,70.25
9/10/2007,125.73,69.27
9/11/2007,127.2,70.48
9/12/2007,127.53,70.04
9/13/2007,128.42,70.21
9/14/2007,128.41,70.57
9/17/2007,127.73,69.79
9/18/2007,131.49,72.77
9/19/2007,132.26,73.74
9/20/2007,131.33,73.01
9/21/2007,131.68,73.16
9/24/2007,131.44,72.6
9/25/2007,131.18,72.31
9/26/2007,131.87,72.94
9/27/2007,132.65,73.38
9/28/2007,132.21,72.51
10/1/2007,133.7,74.31
10/2/2007,133.52,74.79
10/3/2007,133.25,74.58
10/4/2007,133.46,74.7
10/5/2007,135.05,76.21
10/8/2007,134.33,75.64
10/9/2007,135.59,76.26
10/10/2007,135.37,76.2
10/11/2007,134.72,75.34
10/12/2007,135.46,75.93
10/15/2007,134.32,75.05
10/16/2007,133.25,74.19
10/17/2007,133.66,74.48
10/18/2007,133.17,74.3
10/19/2007,129.69,71.65
10/22/2007,130.45,73.16
10/23/2007,131.5,73.72
10/24/2007,131.26,73.25
10/25/2007,131.57,73.07
10/26/2007,133.11,74.29
10/29/2007,133.56,74.21
10/30/2007,132.63,73.62
10/31/2007,134.01,74.57
11/1/2007,130.87,71.69
11/2/2007,131.02,72.05
11/5/2007,130.02,71.1
11/6/2007,131.77,72.44
11/7/2007,128.17,70.19
11/8/2007,127.52,70.4
11/9/2007,125.77,69.62
11/12/2007,124.52,68.95
11/13/2007,128.31,71.11
11/14/2007,127.96,70.71
11/15/2007,126.11,69.7
11/16/2007,126.33,69.11
11/19/2007,124.57,67.62
11/20/2007,125.33,68.01
11/21/2007,122.77,66.58
11/23/2007,124.89,68
11/26/2007,122.14,66.22
11/27/2007,123.54,66.99
11/28/2007,127.49,69.64
11/29/2007,127.53,69.04
11/30/2007,128.82,69.44
12/3/2007,127.97,68.62
12/4/2007,126.82,67.9
12/5/2007,128.95,69.25
12/6/2007,130.79,70.89
12/7/2007,130.77,71.1
12/10/2007,131.78,71.67
12/11/2007,128.17,69.17
12/12/2007,129.43,69.67
12/13/2007,129.16,69.29
12/14/2007,127.53,67.94
12/17/2007,125.71,66.9
12/18/2007,126.41,68.1
12/19/2007,126.41,68.58
12/20/2007,127.2,69.61
12/21/2007,129.04,71.2
12/24/2007,130,71.72
12/26/2007,130.28,72.06
12/27/2007,128.64,70.34
12/28/2007,128.32,69.59
12/31/2007,127.37,68.99
1/2/2008,126.25,68.32
1/3/2008,126.19,67.56
1/4/2008,123.1,65.53
1/7/2008,122.99,65.67
1/8/2008,121.01,63.65
1/9/2008,122.28,64.29
1/10/2008,123.08,65.17
1/11/2008,122.09,63.83
1/14/2008,123.07,64.35
1/15/2008,120.36,63.17
1/16/2008,119.33,63.24
1/17/2008,116.23,61.7
1/18/2008,115.04,61.1
1/22/2008,113.87,60.66
1/23/2008,116.61,62.74
1/24/2008,117.59,62.69
1/25/2008,115.89,62.24
1/28/2008,117.81,63.55
1/29/2008,118.39,63.72
1/30/2008,117.52,62.92
1/31/2008,119.66,64.48
2/1/2008,121.59,66
2/4/2008,120.06,65.25
2/5/2008,116.84,63.58
2/6/2008,115.9,62.74
2/7/2008,116.67,63.73
2/8/2008,115.92,63.33
2/11/2008,116.51,63.35
2/12/2008,117.59,63.85
2/13/2008,118.79,65.3
2/14/2008,117.75,63.79
2/15/2008,117.72,63.51
2/19/2008,118.05,64.29
2/20/2008,118.4,64.33
2/21/2008,117.42,63.1
2/22/2008,118.14,63.1
2/25/2008,119.63,64.33
2/26/2008,120.53,64.93
2/27/2008,120.41,64.9
2/28/2008,119.23,63.92
2/29/2008,116.57,62.59
3/3/2008,116.29,61.99
3/4/2008,115.85,61.63
3/5/2008,116.58,62.22
3/6/2008,114.17,60.15
3/7/2008,112.99,59.95
3/10/2008,111.5,58.63
3/11/2008,115.51,61.17
3/12/2008,114.43,60.46
3/13/2008,114.68,61.67
3/14/2008,112.91,60.12
3/17/2008,111.76,59.14
3/18/2008,116.41,61.85
3/19/2008,113.52,60.31
3/20/2008,115.63,61.34
3/24/2008,117.94,63.72
3/25/2008,118.05,63.93
3/26/2008,116.61,63.4
3/27/2008,116.24,62.82
3/28/2008,115.13,62.08
3/31/2008,115.53,62.17
4/1/2008,119.59,64.45
4/2/2008,119.67,64.6
4/3/2008,119.97,64.81
4/4/2008,119.84,64.79
4/7/2008,119.9,64.68
4/8/2008,119.78,64.61
4/9/2008,118.91,63.56
4/10/2008,119.08,64.23
4/11/2008,116.76,62.58
4/14/2008,116.37,62.39
4/15/2008,116.64,62.79
4/16/2008,119.8,64.82
4/17/2008,119.98,64.57
4/18/2008,121.23,65.25
4/21/2008,121.29,65.26
4/22/2008,120.76,64.07
4/23/2008,120.56,64.23
4/24/2008,121.09,64.85
4/25/2008,122.21,65.46
4/28/2008,122.24,65.9
4/29/2008,121.75,65.32
4/30/2008,121.04,65.01
5/1/2008,123.54,66.13
5/2/2008,123.88,66.05
5/5/2008,123.29,65.8
5/6/2008,124.35,66.33
5/7/2008,122.14,65.15
5/8/2008,121.82,65.29
5/9/2008,121.6,65.1
5/12/2008,122.96,66.53
5/13/2008,122.98,66.91
5/14/2008,123.23,66.83
5/15/2008,124.77,66.96
5/16/2008,124.89,67.33
5/19/2008,125.23,67.35
5/20/2008,124.21,67.1
5/21/2008,122.11,66.14
5/22/2008,122.13,66.62
5/23/2008,120.49,65.74
5/27/2008,121.39,66.75
5/28/2008,121.95,67.06
5/29/2008,122.56,67.75
5/30/2008,122.87,67.98
6/2/2008,121.6,67.36
6/3/2008,120.89,67.23
6/4/2008,120.83,67.65
6/5/2008,123.24,69.38
6/6/2008,119.31,67.3
6/9/2008,119.6,67.08
6/10/2008,119.01,66.59
6/11/2008,117.25,65.43
6/12/2008,117.7,65.57
6/13/2008,119.19,66.75
6/16/2008,119.26,67.17
6/17/2008,118.68,67.12
6/18/2008,117.53,66.58
6/19/2008,117.67,67.14
6/20/2008,115.76,66.07
6/23/2008,115.65,65.45
6/24/2008,115.42,64.37
6/25/2008,115.97,65.1
6/26/2008,112.82,63.42
6/27/2008,112.2,63.49
6/30/2008,112.6,62.87
7/1/2008,112.95,62.91
7/2/2008,111.01,61.13
7/3/2008,111.13,60.8
7/7/2008,109.99,60.03
7/8/2008,111.95,62.21
7/9/2008,109.79,60.54
7/10/2008,110.24,61.14
7/11/2008,108.96,61.47
7/14/2008,107.97,60.46
7/15/2008,106.45,60.2
7/16/2008,109.06,62.42
7/17/2008,110.15,62.51
7/18/2008,110.84,62.95
7/21/2008,110.9,63.71
7/22/2008,112.16,65.31
7/23/2008,112.76,65.73
7/24/2008,110.42,64.07
7/25/2008,110.4,64.59
7/28/2008,108.78,63.49
7/29/2008,111.1,65.05
7/30/2008,113.08,65.44
7/31/2008,111.59,65.18
8/1/2008,111,65.26
8/4/2008,109.97,64.65
8/5/2008,112.93,65.76
8/6/2008,113.43,66.09
8/7/2008,111.74,65.1
8/8/2008,113.82,66.82
8/11/2008,115,68.42
8/12/2008,113.8,67.91
8/13/2008,113.12,68.15
8/14/2008,113.97,68.81
8/15/2008,114.52,68.63
8/18/2008,112.96,67.74
8/19/2008,111.73,66.62
8/20/2008,112.25,66.71
8/21/2008,112.44,65.94
8/22/2008,114.07,67.33
8/25/2008,111.75,65.85
8/26/2008,112.08,65.95
8/27/2008,113.17,66.74
8/28/2008,114.54,68.09
8/29/2008,113.31,67.51
9/2/2008,112.61,67.49
9/3/2008,112.51,67.76
9/4/2008,109.12,65.63
9/5/2008,109.47,65.47
9/8/2008,111.73,66.24
9/9/2008,108.41,64.71
9/10/2008,108.85,65.31
9/11/2008,110.42,65.72
9/12/2008,110.93,66.02
9/15/2008,105.66,63.06
9/16/2008,107.42,64.88
9/17/2008,102.59,61.96
9/18/2008,105.64,65.61
9/19/2008,109.83,68.54
9/22/2008,107.35,65.75
9/23/2008,104.9,64.87
9/24/2008,105.24,64.05
9/25/2008,106.89,64.38
9/26/2008,106.94,64.68
9/29/2008,98.56,59.57
9/30/2008,102.64,62.27
10/1/2008,102.7,61.38
10/2/2008,98.98,58.22
10/3/2008,97.64,57.42
10/6/2008,92.67,54.69
10/7/2008,88.52,51.1
10/8/2008,86.29,49.87
10/9/2008,80.26,45.78
10/10/2008,78.31,48.03
10/13/2008,89.68,52.18
10/14/2008,88.36,50.72
10/15/2008,79.66,46.16
10/16/2008,82.98,49.19
10/17/2008,82.48,47.8
10/20/2008,87.44,50.08
10/21/2008,84.83,48.7
10/22/2008,80.21,46.24
10/23/2008,81.14,44.86
10/24/2008,77.02,43.2
10/27/2008,74.29,41.08
10/28/2008,82.97,44.37
10/29/2008,82.37,44.6
10/30/2008,85.22,47.1
10/31/2008,85.68,49.22
11/3/2008,85.93,49.29
11/4/2008,88.85,49.85
11/5/2008,85.12,47.24
11/6/2008,80.4,45.41
11/7/2008,83.06,46.36
11/10/2008,81.97,45.29
11/11/2008,79.44,44.31
11/12/2008,75.94,41.72
11/13/2008,80.68,45.16
11/14/2008,76.65,41.8
11/17/2008,75.63,41.44
11/18/2008,77.06,41.24
11/19/2008,72.12,37.88
11/20/2008,66.77,35.28
11/21/2008,70.37,37.22
11/24/2008,75.24,39.84
11/25/2008,75.8,40.5
11/26/2008,78.73,42.92
11/28/2008,79.72,43.35
12/1/2008,72.66,38.48
12/2/2008,75.46,40.5
12/3/2008,77.27,41.73
12/4/2008,75.48,40.35
12/5/2008,77.81,42.22
12/8/2008,80.53,44.09
12/9/2008,79.2,42.72
12/10/2008,79.74,43.73
12/11/2008,77.82,41.51
12/12/2008,78.75,42.94
12/15/2008,77.65,41.56
12/16/2008,81.3,44.26
12/17/2008,80.52,44.66
12/18/2008,79.01,44.38
12/19/2008,78.67,44.6
12/22/2008,77.66,43.74
12/23/2008,76.86,43.1
12/24/2008,77.31,43.26
12/26/2008,77.75,43.88
12/29/2008,77.53,43.2
12/30/2008,79.37,44.4
12/31/2008,80.5,45.44
1/2/2009,82.93,46.34
1/5/2009,82.83,46.51
1/6/2009,83.38,47.29
1/7/2009,80.89,45.9
1/8/2009,81.22,46.12
1/9/2009,79.48,44.41
1/12/2009,77.57,43.09
1/13/2009,77.71,43.66
1/14/2009,75.26,41.75
1/15/2009,75.29,42.42
1/16/2009,75.88,42.89
1/20/2009,71.88,39.98
1/21/2009,74.98,41.98
1/22/2009,73.82,40.76
1/23/2009,74.14,40.96
1/26/2009,74.65,41.42
1/27/2009,75.41,41.87
1/28/2009,77.96,43.6
1/29/2009,75.43,41.89
1/30/2009,73.89,41.04
2/2/2009,73.67,41.38
2/3/2009,74.7,41.67
2/4/2009,74.34,41.37
2/5/2009,75.44,41.85
2/6/2009,77.59,43.33
2/9/2009,77.7,43.14
2/10/2009,74.14,41.15
2/11/2009,74.58,41.3
2/12/2009,74.63,41.65
2/13/2009,73.83,41.22
2/17/2009,70.67,39.59
2/18/2009,70.5,39.02
2/19/2009,69.74,38.48
2/20/2009,69.06,37.96
2/23/2009,66.59,36.5
2/24/2009,69.12,37.85
2/25/2009,68.57,37.07
2/26/2009,67.46,36.37
2/27/2009,65.95,36.13
3/2/2009,62.98,34.09
3/3/2009,62.51,33.44
3/4/2009,63.99,34.13
3/5/2009,61.38,32.31
3/6/2009,61.48,32.48
3/9/2009,60.76,31.73
3/10/2009,64.38,33.8
3/11/2009,64.8,33.85
3/12/2009,67.35,35.95
3/13/2009,67.88,36.33
3/16/2009,67.67,35.67
3/17/2009,69.74,37.33
3/18/2009,71.3,38.62
3/19/2009,70.42,38.21
3/20/2009,68.92,36.89
3/23/2009,73.87,40.03
3/24/2009,72.42,38.47
3/25/2009,73.18,39.56
3/26/2009,74.67,41.09
3/27/2009,73.32,39.71
3/30/2009,70.79,38.57
3/31/2009,71.45,38.93
4/1/2009,72.83,39.6
4/2/2009,74.96,41.59
4/3/2009,75.7,42.24
4/6/2009,75.11,41.52
4/7/2009,73.36,40.05
4/8/2009,74.15,40.79
4/9/2009,77.1,43.18
4/13/2009,77.12,43.2
4/14/2009,75.79,41.95
4/15/2009,76.59,42.58
4/16/2009,77.72,43.82
4/17/2009,78.24,44.2
4/20/2009,74.96,41.94
4/21/2009,76.42,43.39
4/22/2009,75.96,43.38
4/23/2009,76.7,43.28
4/24/2009,77.86,44.08
4/27/2009,77.12,43.61
4/28/2009,76.88,43.68
4/29/2009,78.52,45.33
4/30/2009,78.54,44.92
5/1/2009,78.97,45.2
5/4/2009,81.65,46.84
5/5/2009,81.37,46.61
5/6/2009,82.78,46.74
5/7/2009,81.63,45.64
5/8/2009,83.54,47.22
5/11/2009,81.98,46.53
5/12/2009,81.73,45.87
5/13/2009,79.68,43.77
5/14/2009,80.36,44.38
5/15/2009,79.7,44.21
5/18/2009,81.97,45.7
5/19/2009,81.87,45.71
5/20/2009,81.32,45.29
5/21/2009,80.15,44.7
5/22/2009,79.98,44.24
5/26/2009,82.03,46.35
5/27/2009,80.57,45.45
5/28/2009,81.69,45.51
5/29/2009,83.14,46.45
6/1/2009,85.15,48.26
6/2/2009,85.22,48.86
6/3/2009,84.14,48.54
6/4/2009,84.93,49.23
6/5/2009,84.95,49.25
6/8/2009,84.6,48.67
6/9/2009,85.03,48.89
6/10/2009,84.82,48.69
6/11/2009,85.19,48.71
6/12/2009,85.43,48.86
6/15/2009,83.47,47.55
6/16/2009,82.34,46.75
6/17/2009,82.25,47
6/18/2009,82.86,47.21
6/19/2009,83.16,47.5
6/22/2009,80.67,45.82
6/23/2009,80.73,45.45
6/24/2009,81.43,45.94
6/25/2009,83.2,47.26
6/26/2009,82.98,47.43
6/29/2009,83.76,47.43
6/30/2009,83.08,47.29
7/1/2009,83.42,48.02
7/2/2009,81.15,46.37
7/6/2009,81.14,45.96
7/7/2009,79.57,44.96
7/8/2009,79.51,44.66
7/9/2009,79.67,44.47
7/10/2009,79.48,44.68
7/13/2009,81.41,45.76
7/14/2009,81.87,46.03
7/15/2009,84.26,47.81
7/16/2009,84.13,48.4
7/17/2009,85.05,48.22
7/20/2009,85.95,48.81
7/21/2009,86.35,48.73
7/22/2009,86.33,49.11
7/23/2009,88.24,50.66
7/24/2009,88.6,50.92
7/27/2009,88.86,51.18
7/28/2009,88.45,51.21
7/29/2009,88.23,50.95
7/30/2009,89.15,51.84
7/31/2009,89.28,51.62
8/3/2009,90.75,52.53
8/4/2009,90.99,53.06
8/5/2009,90.72,52.53
8/6/2009,90.25,51.79
8/7/2009,91.44,53.04
8/10/2009,91.25,53.13
8/11/2009,90.11,52.27
8/12/2009,91.08,53.06
8/13/2009,91.77,53.5
8/14/2009,91.07,52.4
8/17/2009,88.83,50.93
8/18/2009,89.53,51.61
8/19/2009,90.32,52.24
8/20/2009,91.25,52.8
8/21/2009,93.04,54.02
8/24/2009,93.03,54
8/25/2009,93.21,54.24
8/26/2009,93.22,54.36
8/27/2009,93.43,54.27
8/28/2009,93.41,53.93
8/31/2009,92.58,53.14
9/1/2009,90.53,51.95
9/2/2009,90.19,51.69
9/3/2009,90.94,52.27
9/4/2009,92.22,53
9/8/2009,93.01,53.58
9/9/2009,93.72,54.5
9/10/2009,94.68,55.18
9/11/2009,94.66,55.2
9/14/2009,95.12,55.79
9/15/2009,95.52,56.24
9/16/2009,96.97,57.4
9/17/2009,96.82,57.28
9/18/2009,96.89,57.51
9/21/2009,96.64,57.36
9/22/2009,97.2,57.75
9/23/2009,96.4,57.2
9/24/2009,95.33,56.06
9/25/2009,94.82,55.71
9/28/2009,96.52,57.04
9/29/2009,96.23,56.79
9/30/2009,95.86,56.09
10/1/2009,93.48,54.42
10/2/2009,93.05,54.01
10/5/2009,94.43,54.98
10/6/2009,95.79,56
10/7/2009,96.05,56.02
10/8/2009,96.79,56.53
10/9/2009,97.38,57.19
10/12/2009,97.76,57.2
10/13/2009,97.56,56.96
10/14/2009,99.24,58.05
10/15/2009,99.6,58.01
10/16/2009,98.86,57.44
10/19/2009,99.67,57.91
10/20/2009,99.15,57.11
10/21/2009,98.26,56.34
10/22/2009,99.25,57.12
10/23/2009,98.12,55.93
10/26/2009,97.06,55.42
10/27/2009,96.61,54.74
10/28/2009,94.79,52.92
10/29/2009,96.82,53.93
10/30/2009,94.02,52.45
11/2/2009,94.71,52.35
11/3/2009,95.01,53.14
11/4/2009,95.25,52.38
11/5/2009,97,54.05
11/6/2009,97.26,54.08
11/9/2009,99.47,55.14
11/10/2009,99.49,54.8
11/11/2009,100,55.18
11/12/2009,98.98,54.17
11/13/2009,99.52,54.69
11/16/2009,100.96,56.13
11/17/2009,101.08,56.13
11/18/2009,101.02,56.02
11/19/2009,99.7,54.62
11/20/2009,99.35,54.56
11/23/2009,100.61,55.51
11/24/2009,100.76,55.26
11/25/2009,101.12,55.25
11/27/2009,99.47,53.62
11/30/2009,99.81,54.09
12/1/2009,101.04,54.93
12/2/2009,101,55.58
12/3/2009,100.21,54.9
12/4/2009,100.78,56.26
12/7/2009,100.63,56.35
12/8/2009,99.51,55.91
12/9/2009,99.88,55.73
12/10/2009,100.44,55.51
12/11/2009,100.87,56.03
12/14/2009,101.56,56.88
12/15/2009,101.09,56.72
12/16/2009,101.24,57.08
12/17/2009,100.03,56.45
12/18/2009,100.59,56.97
12/21/2009,101.61,57.72
12/22/2009,101.98,58.26
12/23/2009,102.18,59.02
12/24/2009,102.66,59.24
12/28/2009,102.88,59.15
12/29/2009,102.74,59.12
12/30/2009,102.7,59.08
12/31/2009,101.71,58.38
1/4/2010,103.44,59.82
1/5/2010,103.71,59.61
1/6/2010,103.79,59.56
1/7/2010,104.23,60
1/8/2010,104.57,60.32
1/11/2010,104.72,60.08
1/12/2010,103.74,59.43
1/13/2010,104.62,60.19
1/14/2010,104.9,60.42
1/15/2010,103.72,59.54
1/19/2010,105.02,60.63
1/20/2010,103.95,59.75
1/21/2010,101.95,58.77
1/22/2010,99.68,57.72
1/25/2010,100.19,57.78
1/26/2010,99.77,57.21
1/27/2010,100.25,57.82
1/28/2010,99.1,56.83
1/29/2010,98.02,56.2
2/1/2010,99.54,56.86
2/2/2010,100.75,57.49
2/3/2010,100.25,57.11
2/4/2010,97.15,55.2
2/5/2010,97.35,55.42
2/8/2010,96.65,54.86
2/9/2010,97.86,55.62
2/10/2010,97.67,55.75
2/11/2010,98.69,56.64
2/12/2010,98.61,57.05
2/16/2010,100.16,58.01
2/17/2010,100.64,58.41
2/18/2010,101.23,58.88
2/19/2010,101.44,58.96
2/22/2010,101.46,59.14
2/23/2010,100.23,58.44
2/24/2010,101.15,58.94
2/25/2010,101.01,58.96
2/26/2010,101.08,58.72
3/1/2010,102.13,60.08
3/2/2010,102.41,60.54
3/3/2010,102.5,60.89
3/4/2010,102.81,61.04
3/5/2010,104.28,62.29
3/8/2010,104.3,62.4
3/9/2010,104.47,62.62
3/10/2010,104.94,63.16
3/11/2010,105.38,63.34
3/12/2010,105.38,63.32
3/15/2010,105.41,63.1
3/16/2010,106.25,63.64
3/17/2010,106.88,64.02
3/18/2010,106.83,63.82
3/19/2010,106.29,63.03
3/22/2010,106.85,63.91
3/23/2010,107.61,64.73
3/24/2010,107.08,63.99
3/25/2010,106.91,63.59
3/26/2010,106.84,63.56
3/29/2010,107.52,63.9
3/30/2010,107.6,64.1
3/31/2010,107.23,63.55
4/1/2010,107.96,64.14
4/5/2010,108.84,65.34
4/6/2010,109.1,65.72
4/7/2010,108.48,65.52
4/8/2010,108.85,65.45
4/9/2010,109.57,65.85
4/12/2010,109.74,66.12
4/13/2010,109.82,66.27
4/14/2010,111.07,67.68
4/15/2010,111.16,67.89
4/16/2010,109.39,66.98
4/19/2010,109.8,66.65
4/20/2010,110.79,67.56
4/21/2010,110.58,68.03
4/22/2010,110.91,68.75
4/23/2010,111.64,69.48
4/26/2010,111.22,69.22
4/27/2010,108.59,67.64
4/28/2010,109.41,67.75
4/29/2010,110.77,69.18
4/30/2010,108.89,67.16
5/3/2010,110.3,68.67
5/4/2010,107.71,66.51
5/5/2010,107.06,65.54
5/6/2010,103.51,63.08
5/7/2010,101.97,61.26
5/10/2010,106.46,64.7
5/11/2010,106.16,65.13
5/12/2010,107.64,67.13
5/13/2010,106.3,66.48
5/14/2010,104.38,65.2
5/17/2010,104.43,65.32
5/18/2010,103.01,64.06
5/19/2010,102.43,63.3
5/20/2010,98.56,60.1
5/21/2010,100,60.99
5/24/2010,98.72,60.17
5/25/2010,98.82,60.17
5/26/2010,98.22,60.32
5/27/2010,101.51,62.9
5/28/2010,100.24,62.1
6/1/2010,98.55,60.21
6/2/2010,101.12,61.93
6/3/2010,101.46,62.72
6/4/2010,97.9,59.57
6/7/2010,96.68,58.04
6/8/2010,97.72,58.01
6/9/2010,97.19,58.05
6/10/2010,100.04,60.05
6/11/2010,100.52,60.87
6/14/2010,100.37,61.25
6/15/2010,102.65,62.79
6/16/2010,102.61,62.5
6/17/2010,102.78,62.57
6/18/2010,102.89,62.61
6/21/2010,102.59,61.96
6/22/2010,100.9,60.69
6/23/2010,100.58,60.52
6/24/2010,98.92,59.56
6/25/2010,99.33,60.58
6/28/2010,99.02,60.23
6/29/2010,95.96,57.95
6/30/2010,95.05,57.29
7/1/2010,94.63,56.88
7/2/2010,94.11,56.25
7/6/2010,94.73,55.52
7/7/2010,97.71,57.46
7/8/2010,98.68,58.28
7/9/2010,99.42,59.19
7/12/2010,99.48,58.52
7/13/2010,100.98,60.37
7/14/2010,100.97,60.16
7/15/2010,101,59.6
7/16/2010,98.22,57.43
7/19/2010,98.8,57.67
7/20/2010,99.89,58.64
7/21/2010,98.6,57.59
7/22/2010,100.8,59.64
7/23/2010,101.67,61.11
7/26/2010,102.73,62.5
7/27/2010,102.72,62.27
7/28/2010,102.06,61.27
7/29/2010,101.56,61.11
7/30/2010,101.54,61.14
8/2/2010,103.84,62.21
8/3/2010,103.34,61.71
8/4/2010,104.03,62.36
8/5/2010,103.92,61.62
8/6/2010,103.49,61.26
8/9/2010,104.05,61.93
8/10/2010,103.49,60.77
8/11/2010,100.65,58.38
8/12/2010,100.03,58.09
8/13/2010,99.74,57.43
8/16/2010,99.69,57.89
8/17/2010,100.92,58.89
8/18/2010,101.1,59.07
8/19/2010,99.34,57.45
8/20/2010,99.02,57.5
8/23/2010,98.64,56.72
8/24/2010,97.18,56.07
8/25/2010,97.56,56.92
8/26/2010,96.9,56.5
8/27/2010,98.4,57.97
8/30/2010,96.97,56.7
8/31/2010,96.97,56.59
9/1/2010,99.88,58.78
9/2/2010,100.81,59.43
9/3/2010,102.11,60.49
9/7/2010,100.96,59.35
9/8/2010,101.67,59.7
9/9/2010,102.14,59.73
9/10/2010,102.66,59.92
9/13/2010,103.8,61.38
9/14/2010,103.73,61.12
9/15/2010,104.13,61.46
9/16/2010,104.1,61.07
9/17/2010,104.14,61.32
9/20/2010,105.73,63.02
9/21/2010,105.52,62.66
9/22/2010,105,61.91
9/23/2010,104.15,61.17
9/24/2010,106.3,63.15
9/27/2010,105.79,62.99
9/28/2010,106.16,63.62
9/29/2010,105.97,63.8
9/30/2010,105.66,63.64
10/1/2010,106.1,63.97
10/4/2010,105.31,63.11
10/5/2010,107.43,64.9
10/6/2010,107.42,64.68
10/7/2010,107.29,64.49
10/8/2010,107.89,65.31
10/11/2010,107.99,65.37
10/12/2010,108.33,65.54
10/13/2010,109.17,66.54
10/14/2010,108.74,66.49
10/15/2010,108.96,66.27
10/18/2010,109.5,66.82
10/19/2010,108.07,65.52
10/20/2010,109.12,66.19
10/21/2010,109.36,65.87
10/22/2010,109.57,66.29
10/25/2010,109.89,66.69
10/26/2010,109.91,66.64
10/27/2010,109.59,66.47
10/28/2010,109.61,66.07
10/29/2010,109.7,66.27
11/1/2010,109.73,65.82
11/2/2010,110.6,67.19
11/3/2010,111.05,67.45
11/4/2010,113.19,69.16
11/5/2010,113.61,69.55
11/8/2010,113.4,69.49
11/9/2010,112.58,68.57
11/10/2010,113.04,69.33
11/11/2010,112.61,69.06
11/12/2010,111.28,67.91
11/15/2010,111.12,67.92
11/16/2010,109.39,66.6
11/17/2010,109.45,66.77
11/18/2010,111.06,68.08
11/19/2010,111.36,68.3
11/22/2010,111.27,68.63
11/23/2010,109.66,67.98
11/24/2010,111.28,69.51
11/26/2010,109.98,69.03
11/29/2010,110.32,69.13
11/30/2010,109.7,68.58
12/1/2010,112.03,70.12
12/2/2010,113.46,70.83
12/3/2010,113.77,71.34
12/6/2010,113.65,71.78
12/7/2010,113.71,72.2
12/8/2010,114.13,72.15
12/9/2010,114.57,72.39
12/10/2010,115.24,73.3
12/13/2010,115.32,72.92
12/14/2010,115.42,72.88
12/15/2010,114.89,72.66
12/16/2010,115.56,73.33
12/17/2010,115.68,73.55
12/20/2010,115.96,73.85
12/21/2010,116.69,74.67
12/22/2010,117.06,74.64
12/23/2010,116.89,74.55
12/27/2010,116.94,74.78
12/28/2010,117.1,74.57
12/29/2010,117.19,74.73
12/30/2010,117,74.59
12/31/2010,117.03,74.09
1/3/2011,118.24,75.38
1/4/2011,118.17,74.26
1/5/2011,118.79,75.14
1/6/2011,118.56,74.79
1/7/2011,118.32,74.36
1/10/2011,118.17,74.79
1/11/2011,118.59,75.09
1/12/2011,119.66,75.73
1/13/2011,119.47,75.7
1/14/2011,120.33,76.27
1/18/2011,120.54,76.33
1/19/2011,119.36,74.37
1/20/2011,119.2,73.59
1/21/2011,119.47,73.1
1/24/2011,120.15,73.64
1/25/2011,120.21,73.75
1/26/2011,120.68,74.93
1/27/2011,120.98,75.15
1/28/2011,118.86,73.31
1/31/2011,119.76,73.82
2/1/2011,121.67,75.52
2/2/2011,121.44,75.24
2/3/2011,121.71,75.51
2/4/2011,122.05,75.64
2/7/2011,122.82,76.39
2/8/2011,123.38,76.93
2/9/2011,123.1,76.58
2/10/2011,123.14,76.89
2/11/2011,123.88,77.72
2/14/2011,124.18,78.12
2/15/2011,123.79,77.67
2/16/2011,124.57,78.3
2/17/2011,124.94,78.85
2/18/2011,125.2,78.93
2/22/2011,122.69,76.91
2/23/2011,121.93,75.58
2/24/2011,121.85,76.06
2/25/2011,123.15,77.83
2/28/2011,123.92,77.91
3/1/2011,121.85,76.35
3/2/2011,122.11,76.67
3/3/2011,124.21,78.41
3/4/2011,123.28,78.07
3/7/2011,122.32,76.79
3/8/2011,123.39,78.04
3/9/2011,123.21,77.73
3/10/2011,120.93,75.73
3/11/2011,121.77,75.93
3/14/2011,121.03,75.52
3/15/2011,119.64,74.85
3/16/2011,117.43,74.1
3/17/2011,118.98,74.26
3/18/2011,119.42,75.25
3/21/2011,121.27,76.99
3/22/2011,120.85,76.58
3/23/2011,121.19,76.82
3/24/2011,122.35,77.35
3/25/2011,122.73,78.03
3/28/2011,122.43,77.86
3/29/2011,123.25,78.59
3/30/2011,124.1,79.6
3/31/2011,123.93,79.88
4/1/2011,124.45,80.23
4/4/2011,124.56,80.41
4/5/2011,124.54,80.84
4/6/2011,124.93,81.02
4/7/2011,124.61,80.54
4/8/2011,124.18,79.7
4/11/2011,123.81,78.98
4/12/2011,122.88,77.95
4/13/2011,122.87,78.05
4/14/2011,122.97,78.41
4/15/2011,123.42,79.25
4/18/2011,122.03,77.94
4/19/2011,122.73,77.96
4/20/2011,124.41,79.55
4/21/2011,125.04,80.14
4/25/2011,124.91,80.04
4/26/2011,125.99,80.83
4/27/2011,126.81,81.32
4/28/2011,127.22,81.69
4/29/2011,127.52,81.98
5/2/2011,127.32,81.02
5/3/2011,126.87,80
5/4/2011,126.02,78.97
5/5/2011,124.88,78.6
5/6/2011,125.44,79.02
5/9/2011,125.92,79.94
5/10/2011,127,81.17
5/11/2011,125.66,79.67
5/12/2011,126.26,80.37
5/13/2011,125.29,79.25
5/16/2011,124.49,78.09
5/17/2011,124.47,77.85
5/18/2011,125.59,79.04
5/19/2011,125.88,79.21
5/20/2011,124.88,78.63
5/23/2011,123.44,77.22
5/24/2011,123.33,76.85
5/25/2011,123.74,77.82
5/26/2011,124.31,78.84
5/27/2011,124.79,79.38
5/31/2011,126.09,80.51
6/1/2011,123.26,77.92
6/2/2011,123.13,77.89
6/3/2011,121.9,76.75
6/6/2011,120.61,75.49
6/7/2011,120.54,75.67
6/8/2011,120.03,74.83
6/9/2011,120.95,75.23
6/10/2011,119.27,74.02
6/13/2011,119.36,73.81
6/14/2011,120.87,75.4
6/15/2011,118.72,74.05
6/16/2011,118.99,74.22
6/17/2011,119.34,74.24
6/20/2011,119.95,74.92
6/21/2011,121.6,76.55
6/22/2011,120.86,75.96
6/23/2011,120.52,76.25
6/24/2011,119.12,75.86
6/27/2011,120.18,76.45
6/28/2011,121.75,77.64
6/29/2011,122.79,78.01
6/30/2011,123.96,78.58
7/1/2011,125.79,79.8
7/5/2011,125.69,79.99
7/6/2011,125.84,80.32
7/7/2011,127.15,81.53
7/8/2011,126.25,81.03
7/11/2011,123.96,79.31
7/12/2011,123.43,78.86
7/13/2011,123.84,79.56
7/14/2011,122.99,78.3
7/15/2011,123.7,78.82
7/18/2011,122.69,77.56
7/19/2011,124.68,79.31
7/20/2011,124.6,79.17
7/21/2011,126.33,79.9
7/22/2011,126.41,80
7/25/2011,125.71,79.06
7/26/2011,125.24,78.46
7/27/2011,122.68,76.12
7/28/2011,122.32,75.99
7/29/2011,121.48,75.9
8/1/2011,120.97,75.4
8/2/2011,117.88,73.05
8/3/2011,118.51,73.54
8/4/2011,112.96,69.1
8/5/2011,112.79,67.89
8/8/2011,105.45,61.98
8/9/2011,110.35,66.11
8/10/2011,105.48,62.88
8/11/2011,110.21,66.02
8/12/2011,110.95,66.43
8/15/2011,113.3,68.3
8/16/2011,112.33,67.05
8/17/2011,112.41,67.07
8/18/2011,107.56,63.25
8/19/2011,105.81,62.14
8/22/2011,105.89,61.92
8/23/2011,109.38,64.91
8/24/2011,110.92,65.87
8/25/2011,109.23,64.25
8/26/2011,110.81,65.78
8/29/2011,114,68.89
8/30/2011,114.3,69.29
8/31/2011,114.8,69.15
9/1/2011,113.6,67.67
9/2/2011,110.7,65.16
9/6/2011,109.89,64.98
9/7/2011,112.99,67.44
9/8/2011,111.82,66.2
9/9/2011,108.89,64.25
9/12/2011,109.59,64.8
9/13/2011,110.6,65.85
9/14/2011,112.13,67.03
9/15/2011,114.06,67.97
9/16/2011,114.74,68.08
9/19/2011,113.6,66.86
9/20/2011,113.46,65.82
9/21/2011,110.12,63.38
9/22/2011,106.56,61.61
9/23/2011,107.2,62.24
9/26/2011,109.75,63.42
9/27/2011,110.98,64.79
9/28/2011,108.71,62.3
9/29/2011,109.57,63.38
9/30/2011,106.83,61.44
10/3/2011,103.79,58.28
10/4/2011,106.07,61.91
10/5/2011,108.03,62.76
10/6/2011,109.99,64.15
10/7/2011,109.25,62.59
10/10/2011,112.91,65.33
10/11/2011,113.02,65.78
10/12/2011,114.01,66.72
10/13/2011,113.78,66.66
10/14/2011,115.73,67.98
10/17/2011,113.52,65.91
10/18/2011,115.74,67.66
10/19/2011,114.37,66.34
10/20/2011,114.87,66.52
10/21/2011,117.05,67.97
10/24/2011,118.49,70.16
10/25/2011,116.18,68.19
10/26/2011,117.36,69.36
10/27/2011,121.45,73.02
10/28/2011,121.42,72.65
10/31/2011,118.5,70.72
11/1/2011,115.19,68.22
11/2/2011,117.07,69.9
11/3/2011,119.2,71.64
11/4/2011,118.48,71.28
11/7/2011,119.21,71.14
11/8/2011,120.74,72.18
11/9/2011,116.29,68.74
11/10/2011,117.38,69.25
11/11/2011,119.59,71.07
11/14/2011,118.46,70.05
11/15/2011,119.04,70.94
11/16/2011,117.15,69.79
11/17/2011,115.29,68.8
11/18/2011,115.17,68.78
11/21/2011,112.98,67.14
11/22/2011,112.54,66.57
11/23/2011,110.05,64.48
11/25/2011,109.85,63.66
11/28/2011,113.03,66.69
11/29/2011,113.35,66.56
11/30/2011,118.01,70.45
12/1/2011,118,69.94
12/2/2011,117.89,70.23
12/5/2011,119.18,71.44
12/6/2011,119.21,71.5
12/7/2011,119.66,71.36
12/8/2011,117.03,69.14
12/9/2011,119.01,71.23
12/12/2011,117.28,70.2
12/13/2011,116.18,68.74
12/14/2011,114.95,67.88
12/15/2011,115.36,68.51
12/16/2011,115.53,69.05
12/19/2011,114.3,67.85
12/20/2011,117.76,70.58
12/21/2011,117.98,70.86
12/22/2011,119.03,71.31
12/23/2011,120.09,71.58
12/27/2011,120.19,71.79
12/28/2011,118.61,70.49
12/29/2011,119.84,71.2
12/30/2011,119.25,70.81
1/3/2012,121.15,71.99
1/4/2012,121.34,71.59
1/5/2012,121.66,72
1/6/2012,121.35,71.81
1/9/2012,121.64,72.18
1/10/2012,122.7,73.23
1/11/2012,122.76,73.52
1/12/2012,123.06,73.74
1/13/2012,122.42,73.35
1/17/2012,122.9,73.32
1/18/2012,124.25,74.63
1/19/2012,124.91,75.09
1/20/2012,125.38,75.14
1/23/2012,125.05,75.04
1/24/2012,124.91,75.47
1/25/2012,125.96,76.11
1/26/2012,125.31,76.03
1/27/2012,125.25,76.55
1/30/2012,124.82,75.95
1/31/2012,124.78,75.87
2/1/2012,125.87,77.51
2/2/2012,126.07,77.95
2/3/2012,127.84,79.65
2/6/2012,127.75,79.39
2/7/2012,128.07,79.34
2/8/2012,128.45,79.51
2/9/2012,128.62,79.12
2/10/2012,127.67,78.03
2/13/2012,128.62,79.04
2/14/2012,128.45,78.69
2/15/2012,127.86,78.03
2/16/2012,129.27,79.5
2/17/2012,129.61,79.49
2/21/2012,129.67,78.96
2/22/2012,129.25,78.33
2/23/2012,129.82,79.5
2/24/2012,130.11,79.35
2/27/2012,130.33,79.22
2/28/2012,130.71,79
2/29/2012,130.19,77.82
3/1/2012,130.87,78.23
3/2/2012,130.47,77.06
3/5/2012,129.94,77.14
3/6/2012,128.04,75.61
3/7/2012,128.93,76.32
3/8/2012,130.21,77.31
3/9/2012,130.72,78.35
3/12/2012,130.73,78.2
3/13/2012,133.08,79.75
3/14/2012,132.94,79.1
3/15/2012,133.71,79.76
3/16/2012,133.89,79.7
3/19/2012,134.42,80.37
3/20/2012,134.03,79.65
3/21/2012,133.81,79.63
3/22/2012,132.84,78.86
3/23/2012,133.27,79.63
3/26/2012,135.14,81.29
3/27/2012,134.72,80.72
3/28/2012,134.06,80.25
3/29/2012,133.83,80.02
3/30/2012,134.38,79.76
4/2/2012,135.36,80.74
4/3/2012,134.81,80.2
4/4/2012,133.47,78.92
4/5/2012,133.41,78.57
4/9/2012,131.91,77.28
4/10/2012,129.69,75.46
4/11/2012,130.74,76.53
4/12/2012,132.45,77.63
4/13/2012,130.88,76.61
4/16/2012,130.79,76.73
4/17/2012,132.73,77.84
4/18/2012,132.28,77.25
4/19/2012,131.43,76.81
4/20/2012,131.65,77.25
4/23/2012,130.54,76.18
4/24/2012,131.04,76.76
4/25/2012,132.83,77.96
4/26/2012,133.76,78.73
4/27/2012,133.98,79.34
4/30/2012,133.48,78.47
5/1/2012,134.31,78.54
5/2/2012,133.91,78.76
5/3/2012,132.89,77.65
5/4/2012,130.74,76.17
5/7/2012,130.84,76.38
5/8/2012,130.32,76.33
5/9/2012,129.54,75.9
5/10/2012,129.81,76.18
5/11/2012,129.42,75.99
5/14/2012,127.99,74.98
5/15/2012,127.25,74.85
5/16/2012,126.76,74.31
5/17/2012,124.88,72.62
5/18/2012,123.82,71.94
5/21/2012,125.94,73.63
5/22/2012,126.16,73.19
5/23/2012,126.23,73.66
5/24/2012,126.48,73.81
5/25/2012,126.07,73.77
5/29/2012,127.6,74.84
5/30/2012,125.74,73.4
5/31/2012,125.47,73.3
6/1/2012,122.31,71.1
6/4/2012,122.25,70.93
6/5/2012,123.18,71.85
6/6/2012,125.94,73.62
6/7/2012,126.02,73.14
6/8/2012,127.02,74.13
6/11/2012,125.41,72.5
6/12/2012,126.85,73.41
6/13/2012,126.04,72.56
6/14/2012,127.38,73.39
6/15/2012,128.68,74.37
6/18/2012,128.93,74.46
6/19/2012,130.17,75.75
6/20/2012,129.96,75.64
6/21/2012,127.05,73.8
6/22/2012,128.03,74.63
6/25/2012,125.97,73.47
6/26/2012,126.61,73.76
6/27/2012,127.75,74.96
6/28/2012,127.38,74.83
6/29/2012,130.56,77.01
7/2/2012,130.95,77.9
7/3/2012,131.82,78.91
7/5/2012,131.22,78.83
7/6/2012,129.97,77.95
7/9/2012,129.81,77.65
7/10/2012,128.68,76.79
7/11/2012,128.7,76.52
7/12/2012,128.07,76.26
7/13/2012,130.22,77.21
7/16/2012,129.92,76.9
7/17/2012,130.81,77.17
7/18/2012,131.78,77.65
7/19/2012,132.12,77.39
7/20/2012,130.91,76.4
7/23/2012,129.59,75.18
7/24/2012,128.48,74.19
7/25/2012,128.51,74.36
7/26/2012,130.63,74.99
7/27/2012,133.03,76.78
7/30/2012,133.03,76.51
7/31/2012,132.1,75.84
8/1/2012,131.99,74.59
8/2/2012,131.08,74.32
8/3/2012,133.68,76.09
8/6/2012,133.94,76.68
8/7/2012,134.61,77.38
8/8/2012,134.77,77.26
8/9/2012,134.89,77.63
8/10/2012,135.11,77.36
8/13/2012,135.04,77.23
8/14/2012,135.06,77.05
8/15/2012,135.21,77.72
8/16/2012,136.21,78.54
8/17/2012,136.39,79.09
8/20/2012,136.4,78.91
8/21/2012,135.99,78.87
8/22/2012,136.05,78.49
8/23/2012,134.93,77.94
8/24/2012,135.75,78.15
8/27/2012,135.78,78.38
8/28/2012,135.64,78.74
8/29/2012,135.75,78.98
8/30/2012,134.77,78.2
8/31/2012,135.41,78.52
9/4/2012,135.29,79.48
9/5/2012,135.17,79.5
9/6/2012,137.92,80.96
9/7/2012,138.45,81.56
9/10/2012,137.67,81.19
9/11/2012,138.05,81.36
9/12/2012,138.51,81.78
9/13/2012,140.62,82.85
9/14/2012,141.25,83.63
9/17/2012,140.77,83.24
9/18/2012,140.65,82.97
9/19/2012,140.73,82.82
9/20/2012,140.74,82.46
9/21/2012,140.68,82.76
9/24/2012,140.47,82.49
9/25/2012,138.97,81.3
9/26/2012,138.19,80.79
9/27/2012,139.49,81.66
9/28/2012,138.85,81.08
10/1/2012,139.21,81.35
10/2/2012,139.36,81.51
10/3/2012,139.93,81.27
10/4/2012,140.93,81.83
10/5/2012,140.94,81.73
10/8/2012,140.46,81.21
10/9/2012,139.07,80.26
10/10/2012,138.18,80.14
10/11/2012,138.26,80.43
10/12/2012,137.8,79.78
10/15/2012,138.95,80.3
10/16/2012,140.36,80.89
10/17/2012,141,81.62
10/18/2012,140.63,81.18
10/19/2012,138.29,79.53
10/22/2012,138.31,79.51
10/23/2012,136.39,79.12
10/24/2012,136,78.9
10/25/2012,136.4,79.22
10/26/2012,136.32,78.84
10/31/2012,136.32,79.32
11/1/2012,137.75,80.15
11/2/2012,136.52,78.89
11/5/2012,136.8,79.42
11/6/2012,137.87,80.01
11/7/2012,134.75,78.07
11/8/2012,133.13,76.97
11/9/2012,133.24,77.13
11/12/2012,133.35,76.91
11/13/2012,132.89,76.47
11/14/2012,131.09,75.05
11/15/2012,130.87,74.66
11/16/2012,131.52,75.29
11/19/2012,134.18,76.88
11/20/2012,134.24,77.02
11/21/2012,134.49,77.42
11/23/2012,136.32,78.19
11/26/2012,136.03,78.44
11/27/2012,135.34,78.35
11/28/2012,136.42,79.01
11/29/2012,137.06,79.91
11/30/2012,137.09,79.76
12/3/2012,136.42,79.67
12/4/2012,136.22,79.77
12/5/2012,136.46,79.67
12/6/2012,136.93,79.8
12/7/2012,137.34,79.85
12/10/2012,137.4,80.2
12/11/2012,138.33,81.05
12/12/2012,138.4,80.59
12/13/2012,137.55,80.08
12/14/2012,137.04,80.03
12/17/2012,138.65,81.16
12/18/2012,140.2,82.26
12/19/2012,139.15,82.45
12/20/2012,139.95,82.86
12/21/2012,138.68,82.52
12/24/2012,138.26,82.11
12/26/2012,137.67,81.53
12/27/2012,137.49,81.47
12/28/2012,136,80.89
12/31/2012,138.32,82.64
1/2/2013,141.86,85.07
1/3/2013,141.54,84.88
1/4/2013,142.16,85.5
1/7/2013,141.77,85.18
1/8/2013,141.36,85.12
1/9/2013,141.72,85.53
1/10/2013,142.85,85.73
1/11/2013,142.84,85.6
1/14/2013,142.74,85.65
1/15/2013,142.84,86.02
1/16/2013,142.82,85.77
1/17/2013,143.74,86.56
1/18/2013,144.06,86.81
1/22/2013,144.84,87.44
1/23/2013,145.07,87.23
1/24/2013,145.11,87.51
1/25/2013,145.93,88.15
1/28/2013,145.75,88.21
1/29/2013,146.33,88.26
1/30/2013,145.75,87.2
1/31/2013,145.4,87.8
2/1/2013,146.89,88.57
2/4/2013,145.24,87.5
2/5/2013,146.71,88.29
2/6/2013,146.81,88.66
2/7/2013,146.62,88.37
2/8/2013,147.44,88.99
2/11/2013,147.41,88.9
2/12/2013,147.65,89.29
2/13/2013,147.77,89.66
2/14/2013,147.91,89.89
2/15/2013,147.74,89.92
2/19/2013,148.84,90.71
2/20/2013,146.99,89.02
2/21/2013,146.09,88.16
2/22/2013,147.52,89.22
2/25/2013,144.72,87.25
2/26/2013,145.71,87.59
2/27/2013,147.54,88.51
2/28/2013,147.25,88.68
3/1/2013,147.74,89.08
3/4/2013,148.52,89.32
3/5/2013,149.85,90.36
3/6/2013,150.06,90.59
3/7/2013,150.33,91.02
3/8/2013,150.97,91.87
3/11/2013,151.54,91.84
3/12/2013,151.2,91.65
3/13/2013,151.42,91.99
3/14/2013,152.22,92.91
3/15/2013,152.02,92.87
3/18/2013,151.18,92.36
3/19/2013,150.83,91.96
3/20/2013,151.89,92.82
3/21/2013,150.59,92
3/22/2013,151.8,92.29
3/25/2013,151.16,92.34
3/26/2013,152.37,92.64
3/27/2013,152.37,92.69
3/28/2013,152.84,92.81
4/1/2013,152.24,91.56
4/2/2013,152.99,90.99
4/3/2013,151.44,89.57
4/4/2013,152.05,90.34
4/5/2013,151.37,90.16
4/8/2013,152.39,90.91
4/9/2013,152.92,90.64
4/10/2013,154.79,92.28
4/11/2013,155.3,92.41
4/12/2013,154.92,92.04
4/15/2013,151.33,88.57
4/16/2013,153.56,90.1
4/17/2013,151.32,88.54
4/18/2013,150.37,88.05
4/19/2013,151.68,89.06
4/22/2013,152.35,89.31
4/23/2013,153.92,90.73
4/24/2013,154.02,91.2
4/25/2013,154.65,91.8
4/26/2013,154.37,91.31
4/29/2013,155.41,91.97
4/30/2013,155.78,92.49
5/1/2013,154.41,90.25
5/2/2013,155.85,91.68
5/3/2013,157.43,93.14
5/6/2013,157.83,93.74
5/7/2013,158.63,94.5
5/8/2013,159.35,94.78
5/9/2013,158.9,94.45
5/10/2013,159.42,95.17
5/13/2013,159.54,95.1
5/14/2013,161.19,96.32
5/15/2013,162.06,96.52
5/16/2013,161.3,96.27
5/17/2013,162.86,97.35
5/20/2013,162.85,97.51
5/21/2013,163.09,97.53
5/22/2013,161.88,96.1
5/23/2013,161.41,96.22
5/24/2013,161.27,96.2
5/28/2013,162.24,97.45
5/29/2013,161.18,96.55
5/30/2013,161.78,97.2
5/31/2013,159.46,96.12
6/3/2013,160.33,97.04
6/4/2013,159.56,96.01
6/5/2013,157.33,94.78
6/6/2013,158.75,95.78
6/7/2013,160.77,96.52
6/10/2013,160.77,97.11
6/11/2013,159.11,96.06
6/12/2013,157.8,95.1
6/13/2013,160.2,96.78
6/14/2013,159.19,96.04
6/17/2013,160.42,96.66
6/18/2013,161.69,97.8
6/19/2013,159.46,96.61
6/20/2013,155.51,94.05
6/21/2013,156,94.33
6/24/2013,154.03,93.09
6/25/2013,155.51,93.98
6/26/2013,157.05,94.42
6/27/2013,157.98,95.89
6/28/2013,157.33,95.34
7/1/2013,158.25,96.89
7/2/2013,158.1,96.82
7/3/2013,158.17,97.02
7/5/2013,159.88,98.39
7/8/2013,160.79,98.79
7/9/2013,161.95,99.7
7/10/2013,162.01,99.98
7/11/2013,164.21,101.16
7/12/2013,164.28,101.36
7/15/2013,164.91,102.25
7/16/2013,164.29,101.74
7/17/2013,164.71,102.13
7/18/2013,165.62,102.81
7/19/2013,165.91,102.97
7/22/2013,166.23,103.19
7/23/2013,165.88,103.12
7/24/2013,165.27,102.26
7/25/2013,165.67,103.2
7/26/2013,165.85,102.78
7/29/2013,165.34,102.06
7/30/2013,165.34,102.15
7/31/2013,165.46,102.33
8/1/2013,167.37,103.72
8/2/2013,167.66,103.81
8/5/2013,167.41,104.17
8/6/2013,166.46,103.12
8/7/2013,165.92,102.39
8/8/2013,166.53,102.81
8/9/2013,166.05,102.71
8/12/2013,165.85,103.25
8/13/2013,166.34,103.11
8/14/2013,165.49,102.71
8/15/2013,163.17,100.8
8/16/2013,162.63,100.38
8/19/2013,161.59,99.36
8/20/2013,162.39,100.79
8/21/2013,161.39,100.18
8/22/2013,162.86,101.59
8/23/2013,163.41,101.85
8/26/2013,162.8,101.86
8/27/2013,160.18,99.47
8/28/2013,160.75,99.66
8/29/2013,161.01,100.66
8/30/2013,160.5,99.09
9/3/2013,161.22,99.76
9/4/2013,162.56,100.64
9/5/2013,162.76,100.8
9/6/2013,162.84,101.08
9/9/2013,164.4,102.61
9/10/2013,165.62,103.61
9/11/2013,166.14,103.66
9/12/2013,165.69,102.9
9/13/2013,166.07,103.47
9/16/2013,167.03,103.69
9/17/2013,167.77,104.72
9/18/2013,169.71,105.72
9/19/2013,169.43,105.61
9/20/2013,168.25,105.22
9/23/2013,167.47,105.23
9/24/2013,167.07,105.58
9/25/2013,166.59,105.38
9/26/2013,167.23,105.97
9/27/2013,166.46,105.49
9/30/2013,165.58,105.52
10/1/2013,166.89,106.75
10/2/2013,166.73,106.31
10/3/2013,165.19,105.23
10/4/2013,166.44,105.93
10/7/2013,165,104.69
10/8/2013,163.08,103
10/9/2013,163.2,102.58
10/10/2013,166.72,105.06
10/11/2013,167.79,106.58
10/14/2013,168.46,107.12
10/15/2013,167.24,106.07
10/16/2013,169.58,107.38
10/17/2013,170.71,108.32
10/18/2013,171.86,109.56
10/21/2013,171.87,109.34
10/22/2013,172.87,109.63
10/23/2013,172.04,109.26
10/24/2013,172.61,109.85
10/25/2013,173.4,109.95
10/28/2013,173.68,109.9
10/29/2013,174.6,110.21
10/30/2013,173.74,108.71
10/31/2013,173.24,108.08
11/1/2013,173.66,107.61
11/4/2013,174.27,108.85
11/5/2013,173.72,108.47
11/6/2013,174.6,108.01
11/7/2013,172.39,106.19
11/8/2013,174.72,108.12
11/11/2013,174.75,108.26
11/12/2013,174.4,108.35
11/13/2013,175.79,109.39
11/14/2013,176.67,109.28
11/15/2013,177.44,109.7
11/18/2013,176.82,108.93
11/19/2013,176.44,108.25
11/20/2013,175.88,108.21
11/21/2013,177.3,110.16
11/22/2013,178.19,110.71
11/25/2013,178.01,110.85
11/26/2013,178.06,111.67
11/27/2013,178.5,112.29
11/29/2013,178.38,112.35
12/2/2013,177.91,111.22
12/3/2013,177.14,110.69
12/4/2013,177.13,110.39
12/5/2013,176.35,110.47
12/6/2013,178.32,111.33
12/9/2013,178.77,111.3
12/10/2013,178.13,110.29
12/11/2013,176.13,108.48
12/12/2013,175.55,108.72
12/13/2013,175.53,109.08
12/16/2013,176.62,110.37
12/17/2013,176.06,110.21
12/18/2013,179.07,111.73
12/19/2013,178.86,110.9
12/20/2013,179.9,112.77
12/23/2013,180.86,114.05
12/24/2013,181.26,114.48
12/26/2013,182.18,114.49
12/27/2013,182.17,114.42
12/30/2013,182.14,114.35
12/31/2013,183,114.62
1/2/2014,181.25,113.38
1/3/2014,181.22,113.96
1/6/2014,180.69,113.03
1/7/2014,181.8,113.98
1/8/2014,181.84,114.13
1/9/2014,181.96,114.16
1/10/2014,182.46,114.78
1/13/2014,180.03,113.21
1/14/2014,181.99,114.6
1/15/2014,182.97,115.46
1/16/2014,182.73,115.6
1/17/2014,181.96,115.19
1/21/2014,182.5,115.87
1/22/2014,182.62,116.46
1/23/2014,181.12,115.68
1/24/2014,177.25,112.73
1/27/2014,176.38,111.08
1/28/2014,177.43,112.25
1/29/2014,175.73,110.63
1/30/2014,177.59,112.28
1/31/2014,176.55,111.44
2/3/2014,172.58,107.96
2/4/2014,173.79,108.77
2/5/2014,173.57,107.96
2/6/2014,175.86,108.81
2/7/2014,178.04,110.04
2/10/2014,178.36,110.33
2/11/2014,180.32,111.31
2/12/2014,180.41,111.75
2/13/2014,181.34,113.17
2/14/2014,182.34,113.33
2/18/2014,182.56,114.51
2/19/2014,181.35,113.34
2/20/2014,182.42,114.56
2/21/2014,182.21,114.92
2/24/2014,183.22,115.77
2/25/2014,183.15,115.88
2/26/2014,183.16,116.6
2/27/2014,184.12,117.24
2/28/2014,184.59,116.77
3/3/2014,183.29,116.14
3/4/2014,185.87,119.06
3/5/2014,186.03,118.99
3/6/2014,186.46,118.97
3/7/2014,186.54,118.94
3/10/2014,186.44,118.54
3/11/2014,185.52,117.31
3/12/2014,185.57,117.66
3/13/2014,183.49,116.3
3/14/2014,182.97,116.79
3/17/2014,184.63,117.31
3/18/2014,185.94,119.01
3/19/2014,184.95,118.24
3/20/2014,186.03,118.4
3/21/2014,185.31,117.85
3/24/2014,184.55,116.51
3/25/2014,185.42,116.48
3/26/2014,184.09,114.25
3/27/2014,183.7,113.96
3/28/2014,184.61,113.85
3/31/2014,186.12,115.9
4/1/2014,187.35,117.42
4/2/2014,187.98,117.95
4/3/2014,187.73,116.75
4/4/2014,185.51,114.05
4/7/2014,183.46,112.39
4/8/2014,184.22,113.18
4/9/2014,186.2,114.81
4/10/2014,182.29,111.53
4/11/2014,180.64,109.99
4/14/2014,182.07,110.3
4/15/2014,183.32,110.72
4/16/2014,185.24,111.93
4/17/2014,185.5,112.49
4/21/2014,186.15,113.02
4/22/2014,186.99,114.18
4/23/2014,186.56,113.46
4/24/2014,186.93,113.18
4/25/2014,185.4,111.18
4/28/2014,185.99,110.54
4/29/2014,186.85,110.81
4/30/2014,187.41,111.55
5/1/2014,187.43,111.51
5/2/2014,187.16,111.6
5/5/2014,187.52,111.46
5/6/2014,185.89,109.65
5/7/2014,186.98,109.72
5/8/2014,186.78,108.61
5/9/2014,187.06,109.61
5/12/2014,188.88,112.1
5/13/2014,189.05,111
5/14/2014,188.16,109.2
5/15/2014,186.51,108.46
5/16/2014,187.15,109.15
5/19/2014,187.84,110.33
5/20/2014,186.66,108.64
5/21/2014,188.23,109.2
5/22/2014,188.69,110.34
5/23/2014,189.44,111.54
5/27/2014,190.61,113.15
5/28/2014,190.47,112.56
5/29/2014,191.45,112.94
5/30/2014,191.76,112.43
6/2/2014,191.98,111.82
6/3/2014,191.88,111.55
6/4/2014,192.27,111.99
6/5/2014,193.52,114.34
6/6/2014,194.45,115.44
6/9/2014,194.65,116.45
6/10/2014,194.67,116.22
6/11/2014,193.99,115.66
6/12/2014,192.62,114.95
6/13/2014,193.2,115.15
6/16/2014,193.36,115.71
6/17/2014,193.9,116.52
6/18/2014,195.32,117.31
6/19/2014,195.54,117.41
6/20/2014,195.94,117.8
6/23/2014,195.88,117.57
6/24/2014,194.7,116.31
6/25/2014,195.58,117.3
6/26/2014,195.44,117.1
6/27/2014,195.82,117.89
6/30/2014,195.72,118.36
7/1/2014,197.03,119.56
7/2/2014,197.23,119.1
7/3/2014,198.2,119.82
7/7/2014,197.51,117.77
7/8/2014,196.24,116.34
7/9/2014,197.12,116.49
7/10/2014,196.34,115.25
7/11/2014,196.61,115.1
7/14/2014,197.6,115.69
7/15/2014,197.23,114.55
7/16/2014,197.96,114.24
7/17/2014,195.71,112.48
7/18/2014,197.71,114.23
7/21/2014,197.34,113.77
7/22/2014,198.2,114.73
